Id,against_bug,against_dark,against_dragon,against_electric,against_fairy,against_fight,against_fire,against_flying,against_ghost,against_grass,against_ground,against_ice,against_normal,against_poison,against_psychic,against_rock,against_steel,against_water,attack,base_egg_steps,base_happiness,base_total,capture_rate,defense,experience_growth,height_m,hp,percentage_male,sp_attack,sp_defense,speed,type1,type2,weight_kg,generation,is_legendary,type_legend
1,1,1,1,0.5,0.5,0.5,2,2,1,0.25,1,2,1,1,2,1,1,0.5,49,5120,70,318,45,49,1059860,0.7,45,88.1,65,65,45,grass,poison,6.9,1,0,normal
2,1,1,1,0.5,0.5,0.5,2,2,1,0.25,1,2,1,1,2,1,1,0.5,62,5120,70,405,45,63,1059860,1,60,88.1,80,80,60,grass,poison,13,1,0,normal
3,1,1,1,0.5,0.5,0.5,2,2,1,0.25,1,2,1,1,2,1,1,0.5,100,5120,70,625,45,123,1059860,2,80,88.1,122,120,80,grass,poison,100,1,0,normal
4,0.5,1,1,1,0.5,1,0.5,1,1,0.5,2,0.5,1,1,1,2,0.5,2,52,5120,70,309,45,43,1059860,0.6,39,88.1,60,50,65,fire,,8.5,1,0,normal
5,0.5,1,1,1,0.5,1,0.5,1,1,0.5,2,0.5,1,1,1,2,0.5,2,64,5120,70,405,45,58,1059860,1.1,58,88.1,80,65,80,fire,,19,1,0,normal
6,0.25,1,1,2,0.5,0.5,0.5,1,1,0.25,0,1,1,1,1,4,0.5,2,104,5120,70,634,45,78,1059860,1.7,78,88.1,159,115,100,fire,flying,90.5,1,0,normal
7,1,1,1,2,1,1,0.5,1,1,2,1,0.5,1,1,1,1,0.5,0.5,48,5120,70,314,45,65,1059860,0.5,44,88.1,50,64,43,water,,9,1,0,normal
8,1,1,1,2,1,1,0.5,1,1,2,1,0.5,1,1,1,1,0.5,0.5,63,5120,70,405,45,80,1059860,1,59,88.1,65,80,58,water,,22.5,1,0,normal
9,1,1,1,2,1,1,0.5,1,1,2,1,0.5,1,1,1,1,0.5,0.5,103,5120,70,630,45,120,1059860,1.6,79,88.1,135,115,78,water,,85.5,1,0,normal
10,1,1,1,1,1,0.5,2,2,1,0.5,0.5,1,1,1,1,2,1,1,30,3840,70,195,255,35,1000000,0.3,45,50,20,20,45,bug,,2.9,1,0,normal
11,1,1,1,1,1,0.5,2,2,1,0.5,0.5,1,1,1,1,2,1,1,20,3840,70,205,120,55,1000000,0.7,50,50,25,25,30,bug,,9.9,1,0,normal
12,0.5,1,1,2,1,0.25,2,2,1,0.25,0,2,1,1,1,4,1,1,45,3840,70,395,45,50,1000000,1.1,60,50,90,80,70,bug,flying,32,1,0,normal
13,0.5,1,1,1,0.5,0.25,2,2,1,0.25,1,1,1,0.5,2,2,1,1,35,3840,70,195,255,30,1000000,0.3,40,50,20,20,50,bug,poison,3.2,1,0,normal
14,0.5,1,1,1,0.5,0.25,2,2,1,0.25,1,1,1,0.5,2,2,1,1,25,3840,70,205,120,50,1000000,0.6,45,50,25,25,35,bug,poison,10,1,0,normal
15,0.5,1,1,1,0.5,0.25,2,2,1,0.25,1,1,1,0.5,2,2,1,1,150,3840,70,495,45,40,1000000,1,65,50,15,80,145,bug,poison,29.5,1,0,normal
16,0.5,1,1,2,1,1,1,1,0,0.5,0,2,1,1,1,2,1,1,45,3840,70,251,255,40,1059860,0.3,40,50,35,35,56,normal,flying,1.8,1,0,normal
17,0.5,1,1,2,1,1,1,1,0,0.5,0,2,1,1,1,2,1,1,60,3840,70,349,120,55,1059860,1.1,63,50,50,50,71,normal,flying,30,1,0,normal
18,0.5,1,1,2,1,1,1,1,0,0.5,0,2,1,1,1,2,1,1,80,3840,70,579,45,80,1059860,1.5,83,50,135,80,121,normal,flying,39.5,1,0,normal
19,1,1,1,1,1,2,1,1,0,1,1,1,1,1,1,1,1,1,56,3840,70,253,255,35,1000000,,30,50,25,35,72,normal,dark,,1,0,normal
20,1,1,1,1,1,2,1,1,0,1,1,1,1,1,1,1,1,1,71,3840,70,413,127,70,1000000,,75,50,40,80,77,normal,dark,,1,0,normal
21,0.5,1,1,2,1,1,1,1,0,0.5,0,2,1,1,1,2,1,1,60,3840,70,262,255,30,1000000,0.3,40,50,31,31,70,normal,flying,2,1,0,normal
22,0.5,1,1,2,1,1,1,1,0,0.5,0,2,1,1,1,2,1,1,90,3840,70,442,90,65,1000000,1.2,65,50,61,61,100,normal,flying,38,1,0,normal
23,0.5,1,1,1,0.5,0.5,1,1,1,0.5,2,1,1,0.5,2,1,1,1,60,5120,70,288,255,44,1000000,2,35,50,40,54,55,poison,,6.9,1,0,normal
24,0.5,1,1,1,0.5,0.5,1,1,1,0.5,2,1,1,0.5,2,1,1,1,95,5120,70,448,90,69,1000000,3.5,60,50,65,79,80,poison,,65,1,0,normal
25,1,1,1,0.5,1,1,1,0.5,1,1,2,1,1,1,1,1,0.5,1,55,2560,70,320,190,40,1000000,0.4,35,50,50,50,90,electric,,6,1,0,normal
26,1,1,1,0.5,1,1,1,0.5,1,1,2,1,1,1,1,1,0.5,1,85,2560,70,485,75,50,1000000,,60,50,95,85,110,electric,electric,,1,0,normal
27,1,1,1,0,1,1,1,1,1,2,1,2,1,0.5,1,0.5,1,2,75,5120,70,300,255,90,1000000,,50,50,10,35,40,ground,ice,,1,0,normal
28,1,1,1,0,1,1,1,1,1,2,1,2,1,0.5,1,0.5,1,2,100,5120,70,450,90,120,1000000,,75,50,25,65,65,ground,ice,,1,0,normal
29,0.5,1,1,1,0.5,0.5,1,1,1,0.5,2,1,1,0.5,2,1,1,1,47,5120,70,275,235,52,1059860,0.4,55,0,40,40,41,poison,,7,1,0,normal
30,0.5,1,1,1,0.5,0.5,1,1,1,0.5,2,1,1,0.5,2,1,1,1,62,5120,70,365,120,67,1059860,0.8,70,0,55,55,56,poison,,20,1,0,normal
31,0.5,1,1,0,0.5,0.5,1,1,1,1,2,2,1,0.25,2,0.5,1,2,92,5120,70,505,45,87,1059860,1.3,90,0,75,85,76,poison,ground,60,1,0,normal
32,0.5,1,1,1,0.5,0.5,1,1,1,0.5,2,1,1,0.5,2,1,1,1,57,5120,70,273,235,40,1059860,0.5,46,100,40,40,50,poison,,9,1,0,normal
33,0.5,1,1,1,0.5,0.5,1,1,1,0.5,2,1,1,0.5,2,1,1,1,72,5120,70,365,120,57,1059860,0.9,61,100,55,55,65,poison,,19.5,1,0,normal
34,0.5,1,1,0,0.5,0.5,1,1,1,1,2,2,1,0.25,2,0.5,1,2,102,5120,70,505,45,77,1059860,1.4,81,100,85,75,85,poison,ground,62,1,0,normal
35,0.5,0.5,0,1,1,0.5,1,1,1,1,1,1,1,2,1,1,2,1,45,2560,140,323,150,48,800000,0.6,70,24.6,60,65,35,fairy,,7.5,1,0,normal
36,0.5,0.5,0,1,1,0.5,1,1,1,1,1,1,1,2,1,1,2,1,70,2560,140,483,25,73,800000,1.3,95,24.6,95,90,60,fairy,,40,1,0,normal
37,0.5,1,1,1,0.5,1,0.5,1,1,0.5,2,0.5,1,1,1,2,0.5,2,41,5120,70,299,190,40,1000000,,38,24.6,50,65,65,fire,ice,,1,0,normal
38,0.5,1,1,1,0.5,1,0.5,1,1,0.5,2,0.5,1,1,1,2,0.5,2,67,5120,70,505,75,75,1000000,,73,24.6,81,100,109,fire,ice,,1,0,normal
39,0.5,0.5,0,1,1,1,1,1,0,1,1,1,1,2,1,1,2,1,45,2560,70,270,170,20,800000,0.5,115,24.6,45,25,20,normal,fairy,5.5,1,0,normal
40,0.5,0.5,0,1,1,1,1,1,0,1,1,1,1,2,1,1,2,1,70,2560,70,435,50,45,800000,1,140,24.6,85,50,45,normal,fairy,12,1,0,normal
41,0.25,1,1,2,0.5,0.25,1,1,1,0.25,0,2,1,0.5,2,2,1,1,45,3840,70,245,255,35,1000000,0.8,40,50,30,40,55,poison,flying,7.5,1,0,normal
42,0.25,1,1,2,0.5,0.25,1,1,1,0.25,0,2,1,0.5,2,2,1,1,80,3840,70,455,90,70,1000000,1.6,75,50,65,75,90,poison,flying,55,1,0,normal
43,1,1,1,0.5,0.5,0.5,2,2,1,0.25,1,2,1,1,2,1,1,0.5,50,5120,70,320,255,55,1059860,0.5,45,50,75,65,30,grass,poison,5.4,1,0,normal
44,1,1,1,0.5,0.5,0.5,2,2,1,0.25,1,2,1,1,2,1,1,0.5,65,5120,70,395,120,70,1059860,0.8,60,50,85,75,40,grass,poison,8.6,1,0,normal
45,1,1,1,0.5,0.5,0.5,2,2,1,0.25,1,2,1,1,2,1,1,0.5,80,5120,70,490,45,85,1059860,1.2,75,50,110,90,50,grass,poison,18.6,1,0,normal
46,2,1,1,0.5,1,0.5,4,4,1,0.25,0.25,2,1,2,1,2,1,0.5,70,5120,70,285,190,55,1000000,0.3,35,50,45,55,25,bug,grass,5.4,1,0,normal
47,2,1,1,0.5,1,0.5,4,4,1,0.25,0.25,2,1,2,1,2,1,0.5,95,5120,70,405,75,80,1000000,1,60,50,60,80,30,bug,grass,29.5,1,0,normal
48,0.5,1,1,1,0.5,0.25,2,2,1,0.25,1,1,1,0.5,2,2,1,1,55,5120,70,305,190,50,1000000,1,60,50,40,55,45,bug,poison,30,1,0,normal
49,0.5,1,1,1,0.5,0.25,2,2,1,0.25,1,1,1,0.5,2,2,1,1,65,5120,70,450,75,60,1000000,1.5,70,50,90,75,90,bug,poison,12.5,1,0,normal
50,1,1,1,0,1,1,1,1,1,2,1,2,1,0.5,1,0.5,1,2,55,5120,70,265,255,30,1000000,,10,50,35,45,90,ground,ground,,1,0,normal
51,1,1,1,0,1,1,1,1,1,2,1,2,1,0.5,1,0.5,1,2,100,5120,70,425,50,60,1000000,,35,50,50,70,110,ground,ground,,1,0,normal
52,1,1,1,1,1,2,1,1,0,1,1,1,1,1,1,1,1,1,35,5120,70,290,255,35,1000000,,40,50,50,40,90,normal,dark,,1,0,normal
53,1,1,1,1,1,2,1,1,0,1,1,1,1,1,1,1,1,1,60,5120,70,440,90,60,1000000,,65,50,75,65,115,normal,dark,,1,0,normal
54,1,1,1,2,1,1,0.5,1,1,2,1,0.5,1,1,1,1,0.5,0.5,52,5120,70,320,190,48,1000000,0.8,50,50,65,50,55,water,,19.6,1,0,normal
55,1,1,1,2,1,1,0.5,1,1,2,1,0.5,1,1,1,1,0.5,0.5,82,5120,70,500,75,78,1000000,1.7,80,50,95,80,85,water,,76.6,1,0,normal
56,0.5,0.5,1,1,2,1,1,2,1,1,1,1,1,1,2,0.5,1,1,80,5120,70,305,190,35,1000000,0.5,40,50,35,45,70,fighting,,28,1,0,normal
57,0.5,0.5,1,1,2,1,1,2,1,1,1,1,1,1,2,0.5,1,1,105,5120,70,455,75,60,1000000,1,65,50,60,70,95,fighting,,32,1,0,normal
58,0.5,1,1,1,0.5,1,0.5,1,1,0.5,2,0.5,1,1,1,2,0.5,2,70,5120,70,350,190,45,1250000,0.7,55,75.4,70,50,60,fire,,19,1,0,normal
59,0.5,1,1,1,0.5,1,0.5,1,1,0.5,2,0.5,1,1,1,2,0.5,2,110,5120,70,555,75,80,1250000,1.9,90,75.4,100,80,95,fire,,155,1,0,normal
60,1,1,1,2,1,1,0.5,1,1,2,1,0.5,1,1,1,1,0.5,0.5,50,5120,70,300,255,40,1059860,0.6,40,50,40,40,90,water,,12.4,1,0,normal
61,1,1,1,2,1,1,0.5,1,1,2,1,0.5,1,1,1,1,0.5,0.5,65,5120,70,385,120,65,1059860,1,65,50,50,50,90,water,,20,1,0,normal
62,0.5,0.5,1,2,2,1,0.5,2,1,2,1,0.5,1,1,2,0.5,0.5,0.5,95,5120,70,510,45,95,1059860,1.3,90,50,70,90,70,water,fighting,54,1,0,normal
63,2,2,1,1,1,0.5,1,1,2,1,1,1,1,1,0.5,1,1,1,20,5120,70,310,200,15,1059860,0.9,25,75.4,105,55,90,psychic,,19.5,1,0,normal
64,2,2,1,1,1,0.5,1,1,2,1,1,1,1,1,0.5,1,1,1,35,5120,70,400,100,30,1059860,1.3,40,75.4,120,70,105,psychic,,56.5,1,0,normal
65,2,2,1,1,1,0.5,1,1,2,1,1,1,1,1,0.5,1,1,1,50,5120,70,600,50,65,1059860,1.5,55,75.4,175,105,150,psychic,,48,1,0,normal
66,0.5,0.5,1,1,2,1,1,2,1,1,1,1,1,1,2,0.5,1,1,80,5120,70,305,180,50,1059860,0.8,70,75.4,35,35,35,fighting,,19.5,1,0,normal
67,0.5,0.5,1,1,2,1,1,2,1,1,1,1,1,1,2,0.5,1,1,100,5120,70,405,90,70,1059860,1.5,80,75.4,50,60,45,fighting,,70.5,1,0,normal
68,0.5,0.5,1,1,2,1,1,2,1,1,1,1,1,1,2,0.5,1,1,130,5120,70,505,45,80,1059860,1.6,90,75.4,65,85,55,fighting,,130,1,0,normal
69,1,1,1,0.5,0.5,0.5,2,2,1,0.25,1,2,1,1,2,1,1,0.5,75,5120,70,300,255,35,1059860,0.7,50,50,70,30,40,grass,poison,4,1,0,normal
70,1,1,1,0.5,0.5,0.5,2,2,1,0.25,1,2,1,1,2,1,1,0.5,90,5120,70,390,120,50,1059860,1,65,50,85,45,55,grass,poison,6.4,1,0,normal
71,1,1,1,0.5,0.5,0.5,2,2,1,0.25,1,2,1,1,2,1,1,0.5,105,5120,70,490,45,65,1059860,1.7,80,50,100,70,70,grass,poison,15.5,1,0,normal
72,0.5,1,1,2,0.5,0.5,0.5,1,1,1,2,0.5,1,0.5,2,1,0.5,0.5,40,5120,70,335,190,35,1250000,0.9,40,50,50,100,70,water,poison,45.5,1,0,normal
73,0.5,1,1,2,0.5,0.5,0.5,1,1,1,2,0.5,1,0.5,2,1,0.5,0.5,70,5120,70,515,60,65,1250000,1.6,80,50,80,120,100,water,poison,55,1,0,normal
74,1,1,1,0,1,2,0.5,0.5,1,4,2,2,0.5,0.25,1,0.5,2,4,80,3840,70,300,255,100,1059860,,40,50,30,30,20,rock,ground,,1,0,normal
75,1,1,1,0,1,2,0.5,0.5,1,4,2,2,0.5,0.25,1,0.5,2,4,95,3840,70,390,120,115,1059860,,55,50,45,45,35,rock,ground,,1,0,normal
76,1,1,1,0,1,2,0.5,0.5,1,4,2,2,0.5,0.25,1,0.5,2,4,120,3840,70,495,45,130,1059860,,80,50,55,65,45,rock,ground,,1,0,normal
77,0.5,1,1,1,0.5,1,0.5,1,1,0.5,2,0.5,1,1,1,2,0.5,2,85,5120,70,410,190,55,1000000,1,50,50,65,65,90,fire,,30,1,0,normal
78,0.5,1,1,1,0.5,1,0.5,1,1,0.5,2,0.5,1,1,1,2,0.5,2,100,5120,70,500,60,70,1000000,1.7,65,50,80,80,105,fire,,95,1,0,normal
79,2,2,1,2,1,0.5,0.5,1,2,2,1,0.5,1,1,0.5,1,0.5,0.5,65,5120,70,315,190,65,1000000,1.2,90,50,40,40,15,water,psychic,36,1,0,normal
80,2,2,1,2,1,0.5,0.5,1,2,2,1,0.5,1,1,0.5,1,0.5,0.5,75,5120,70,590,75,180,1000000,1.6,95,50,130,80,30,water,psychic,78.5,1,0,normal
81,0.5,1,0.5,0.5,0.5,2,2,0.25,1,0.5,4,0.5,0.5,0,0.5,0.5,0.25,1,35,5120,70,325,190,70,1000000,0.3,25,,95,55,45,electric,steel,6,1,0,normal
82,0.5,1,0.5,0.5,0.5,2,2,0.25,1,0.5,4,0.5,0.5,0,0.5,0.5,0.25,1,60,5120,70,465,60,95,1000000,1,50,,120,70,70,electric,steel,60,1,0,normal
83,0.5,1,1,2,1,1,1,1,0,0.5,0,2,1,1,1,2,1,1,90,5120,70,377,45,55,1000000,0.8,52,50,58,62,60,normal,flying,15,1,0,normal
84,0.5,1,1,2,1,1,1,1,0,0.5,0,2,1,1,1,2,1,1,85,5120,70,310,190,45,1000000,1.4,35,50,35,35,75,normal,flying,39.2,1,0,normal
85,0.5,1,1,2,1,1,1,1,0,0.5,0,2,1,1,1,2,1,1,110,5120,70,470,45,70,1000000,1.8,60,50,60,60,110,normal,flying,85.2,1,0,normal
86,1,1,1,2,1,1,0.5,1,1,2,1,0.5,1,1,1,1,0.5,0.5,45,5120,70,325,190,55,1000000,1.1,65,50,45,70,45,water,,90,1,0,normal
87,1,1,1,2,1,2,1,1,1,2,1,0.25,1,1,1,2,1,0.5,70,5120,70,475,75,80,1000000,1.7,90,50,70,95,70,water,ice,120,1,0,normal
88,0.5,1,1,1,0.5,0.5,1,1,1,0.5,2,1,1,0.5,2,1,1,1,80,5120,70,325,190,50,1000000,,80,50,40,50,25,poison,poison,,1,0,normal
89,0.5,1,1,1,0.5,0.5,1,1,1,0.5,2,1,1,0.5,2,1,1,1,105,5120,70,500,75,75,1000000,,105,50,65,100,50,poison,poison,,1,0,normal
90,1,1,1,2,1,1,0.5,1,1,2,1,0.5,1,1,1,1,0.5,0.5,65,5120,70,305,190,100,1250000,0.3,30,50,45,25,40,water,,4,1,0,normal
91,1,1,1,2,1,2,1,1,1,2,1,0.25,1,1,1,2,1,0.5,95,5120,70,525,60,180,1250000,1.5,50,50,85,45,70,water,ice,132.5,1,0,normal
92,0.25,2,1,1,0.5,0,1,1,2,0.5,2,1,0,0.25,2,1,1,1,35,5120,70,310,190,30,1059860,1.3,30,50,100,35,80,ghost,poison,0.1,1,0,normal
93,0.25,2,1,1,0.5,0,1,1,2,0.5,2,1,0,0.25,2,1,1,1,50,5120,70,405,90,45,1059860,1.6,45,50,115,55,95,ghost,poison,0.1,1,0,normal
94,0.25,2,1,1,0.5,0,1,1,2,0.5,2,1,0,0.25,2,1,1,1,65,5120,70,600,45,80,1059860,1.5,60,50,170,95,130,ghost,poison,40.5,1,0,normal
95,1,1,1,0,1,2,0.5,0.5,1,4,2,2,0.5,0.25,1,0.5,2,4,45,6400,70,385,45,160,1000000,8.8,35,50,30,45,70,rock,ground,210,1,0,normal
96,2,2,1,1,1,0.5,1,1,2,1,1,1,1,1,0.5,1,1,1,48,5120,70,328,190,45,1000000,1,60,50,43,90,42,psychic,,32.4,1,0,normal
97,2,2,1,1,1,0.5,1,1,2,1,1,1,1,1,0.5,1,1,1,73,5120,70,483,75,70,1000000,1.6,85,50,73,115,67,psychic,,75.6,1,0,normal
98,1,1,1,2,1,1,0.5,1,1,2,1,0.5,1,1,1,1,0.5,0.5,105,5120,70,325,225,90,1000000,0.4,30,50,25,25,50,water,,6.5,1,0,normal
99,1,1,1,2,1,1,0.5,1,1,2,1,0.5,1,1,1,1,0.5,0.5,130,5120,70,475,60,115,1000000,1.3,55,50,50,50,75,water,,60,1,0,normal
100,1,1,1,0.5,1,1,1,0.5,1,1,2,1,1,1,1,1,0.5,1,30,5120,70,330,190,50,1000000,0.5,40,,55,55,100,electric,,10.4,1,0,normal
101,1,1,1,0.5,1,1,1,0.5,1,1,2,1,1,1,1,1,0.5,1,50,5120,70,490,60,70,1000000,1.2,60,,80,80,150,electric,,66.6,1,0,normal
102,4,2,1,0.5,1,0.5,2,2,2,0.5,0.5,2,1,2,0.5,1,1,0.5,40,5120,70,325,90,80,1250000,0.4,60,50,60,45,40,grass,psychic,2.5,1,0,normal
103,4,2,1,0.5,1,0.5,2,2,2,0.5,0.5,2,1,2,0.5,1,1,0.5,105,5120,70,530,45,85,1250000,,95,50,125,75,45,grass,psychic,,1,0,normal
104,1,1,1,0,1,1,1,1,1,2,1,2,1,0.5,1,0.5,1,2,50,5120,70,320,190,95,1000000,0.4,50,50,40,50,35,ground,,6.5,1,0,normal
105,1,1,1,0,1,1,1,1,1,2,1,2,1,0.5,1,0.5,1,2,80,5120,70,425,75,110,1000000,,60,50,50,80,45,ground,fire,,1,0,normal
106,0.5,0.5,1,1,2,1,1,2,1,1,1,1,1,1,2,0.5,1,1,120,6400,70,455,45,53,1000000,1.5,50,100,35,110,87,fighting,,49.8,1,0,normal
107,0.5,0.5,1,1,2,1,1,2,1,1,1,1,1,1,2,0.5,1,1,105,6400,70,455,45,79,1000000,1.4,50,100,35,110,76,fighting,,50.2,1,0,normal
108,1,1,1,1,1,2,1,1,0,1,1,1,1,1,1,1,1,1,55,5120,70,385,45,75,1000000,1.2,90,50,60,75,30,normal,,65.5,1,0,normal
109,0.5,1,1,1,0.5,0.5,1,1,1,0.5,2,1,1,0.5,2,1,1,1,65,5120,70,340,190,95,1000000,0.6,40,50,60,45,35,poison,,1,1,0,normal
110,0.5,1,1,1,0.5,0.5,1,1,1,0.5,2,1,1,0.5,2,1,1,1,90,5120,70,490,60,120,1000000,1.2,65,50,85,70,60,poison,,9.5,1,0,normal
111,1,1,1,0,1,2,0.5,0.5,1,4,2,2,0.5,0.25,1,0.5,2,4,85,5120,70,345,120,95,1250000,1,80,50,30,30,25,ground,rock,115,1,0,normal
112,1,1,1,0,1,2,0.5,0.5,1,4,2,2,0.5,0.25,1,0.5,2,4,130,5120,70,485,60,120,1250000,1.9,105,50,45,45,40,ground,rock,120,1,0,normal
113,1,1,1,1,1,2,1,1,0,1,1,1,1,1,1,1,1,1,5,10240,140,450,30,5,800000,1.1,250,0,35,105,50,normal,,34.6,1,0,normal
114,2,1,1,0.5,1,1,2,2,1,0.5,0.5,2,1,2,1,1,1,0.5,55,5120,70,435,45,115,1000000,1,65,50,100,40,60,grass,,35,1,0,normal
115,1,1,1,1,1,2,1,1,0,1,1,1,1,1,1,1,1,1,125,5120,70,590,45,100,1000000,2.2,105,0,60,100,100,normal,,80,1,0,normal
116,1,1,1,2,1,1,0.5,1,1,2,1,0.5,1,1,1,1,0.5,0.5,40,5120,70,295,225,70,1000000,0.4,30,50,70,25,60,water,,8,1,0,normal
117,1,1,1,2,1,1,0.5,1,1,2,1,0.5,1,1,1,1,0.5,0.5,65,5120,70,440,75,95,1000000,1.2,55,50,95,45,85,water,,25,1,0,normal
118,1,1,1,2,1,1,0.5,1,1,2,1,0.5,1,1,1,1,0.5,0.5,67,5120,70,320,225,60,1000000,0.6,45,50,35,50,63,water,,15,1,0,normal
119,1,1,1,2,1,1,0.5,1,1,2,1,0.5,1,1,1,1,0.5,0.5,92,5120,70,450,60,65,1000000,1.3,80,50,65,80,68,water,,39,1,0,normal
120,1,1,1,2,1,1,0.5,1,1,2,1,0.5,1,1,1,1,0.5,0.5,45,5120,70,340,225,55,1250000,0.8,30,,70,55,85,water,,34.5,1,0,normal
121,2,2,1,2,1,0.5,0.5,1,2,2,1,0.5,1,1,0.5,1,0.5,0.5,75,5120,70,520,60,85,1250000,1.1,60,,100,85,115,water,psychic,80,1,0,normal
122,1,1,0,1,1,0.25,1,1,2,1,1,1,1,2,0.5,1,2,1,45,6400,70,460,45,65,1000000,1.3,40,50,100,120,90,psychic,fairy,54.5,1,0,normal
123,0.5,1,1,2,1,0.25,2,2,1,0.25,0,2,1,1,1,4,1,1,110,6400,70,500,45,80,1000000,1.5,70,50,55,80,105,bug,flying,56,1,0,normal
124,2,2,1,1,1,1,2,1,2,1,1,0.5,1,1,0.5,2,2,1,50,6400,70,455,45,35,1000000,1.4,65,0,115,95,95,ice,psychic,40.6,1,0,normal
125,1,1,1,0.5,1,1,1,0.5,1,1,2,1,1,1,1,1,0.5,1,83,6400,70,490,45,57,1000000,1.1,65,75.4,95,85,105,electric,,30,1,0,normal
126,0.5,1,1,1,0.5,1,0.5,1,1,0.5,2,0.5,1,1,1,2,0.5,2,95,6400,70,495,45,57,1000000,1.3,65,75.4,100,85,93,fire,,44.5,1,0,normal
127,1,1,1,1,1,0.5,2,2,1,0.5,0.5,1,1,1,1,2,1,1,155,6400,70,600,45,120,1250000,1.5,65,50,65,90,105,bug,,55,1,0,normal
128,1,1,1,1,1,2,1,1,0,1,1,1,1,1,1,1,1,1,100,5120,70,490,45,95,1250000,1.4,75,100,40,70,110,normal,,88.4,1,0,normal
129,1,1,1,2,1,1,0.5,1,1,2,1,0.5,1,1,1,1,0.5,0.5,10,1280,70,200,255,55,1250000,0.9,20,50,15,20,80,water,,10,1,0,normal
130,0.5,1,1,4,1,0.5,0.5,1,1,1,0,1,1,1,1,2,0.5,0.5,155,1280,70,640,45,109,1250000,6.5,95,50,70,130,81,water,flying,235,1,0,normal
131,1,1,1,2,1,2,1,1,1,2,1,0.25,1,1,1,2,1,0.5,85,10240,70,535,45,80,1250000,2.5,130,50,85,95,60,water,ice,220,1,0,normal
132,1,1,1,1,1,2,1,1,0,1,1,1,1,1,1,1,1,1,48,5120,70,288,35,48,1000000,0.3,48,,48,48,48,normal,,4,1,0,normal
133,1,1,1,1,1,2,1,1,0,1,1,1,1,1,1,1,1,1,55,8960,70,325,45,50,1000000,0.3,55,88.1,45,65,55,normal,,6.5,1,0,normal
134,1,1,1,2,1,1,0.5,1,1,2,1,0.5,1,1,1,1,0.5,0.5,65,8960,70,525,45,60,1000000,1,130,88.1,110,95,65,water,,29,1,0,normal
135,1,1,1,0.5,1,1,1,0.5,1,1,2,1,1,1,1,1,0.5,1,65,8960,70,525,45,60,1000000,0.8,65,88.1,110,95,130,electric,,24.5,1,0,normal
136,0.5,1,1,1,0.5,1,0.5,1,1,0.5,2,0.5,1,1,1,2,0.5,2,130,8960,70,525,45,60,1000000,0.9,65,88.1,95,110,65,fire,,25,1,0,normal
137,1,1,1,1,1,2,1,1,0,1,1,1,1,1,1,1,1,1,60,5120,70,395,45,70,1000000,0.8,65,,85,75,40,normal,,36.5,1,0,normal
138,1,1,1,2,1,2,0.25,0.5,1,4,2,0.5,0.5,0.5,1,1,1,1,40,7680,70,355,45,100,1000000,0.4,35,88.1,90,55,35,rock,water,7.5,1,0,normal
139,1,1,1,2,1,2,0.25,0.5,1,4,2,0.5,0.5,0.5,1,1,1,1,60,7680,70,495,45,125,1000000,1,70,88.1,115,70,55,rock,water,35,1,0,normal
140,1,1,1,2,1,2,0.25,0.5,1,4,2,0.5,0.5,0.5,1,1,1,1,80,7680,70,355,45,90,1000000,0.5,30,88.1,55,45,55,rock,water,11.5,1,0,normal
141,1,1,1,2,1,2,0.25,0.5,1,4,2,0.5,0.5,0.5,1,1,1,1,115,7680,70,495,45,105,1000000,1.3,60,88.1,65,70,80,rock,water,40.5,1,0,normal
142,0.5,1,1,2,1,1,0.5,0.5,1,1,0,2,0.5,0.5,1,2,2,2,135,8960,70,615,45,85,1250000,1.8,80,88.1,70,95,150,rock,flying,59,1,0,normal
143,1,1,1,1,1,2,1,1,0,1,1,1,1,1,1,1,1,1,110,10240,70,540,25,65,1250000,2.1,160,88.1,65,110,30,normal,,460,1,0,normal
147,1,1,2,0.5,2,1,0.5,1,1,0.5,1,2,1,1,1,1,1,0.5,64,10240,35,300,45,45,1250000,1.8,41,50,50,50,50,dragon,,3.3,1,0,normal
148,1,1,2,0.5,2,1,0.5,1,1,0.5,1,2,1,1,1,1,1,0.5,84,10240,35,420,45,65,1250000,4,61,50,70,70,70,dragon,,16.5,1,0,normal
149,0.5,1,2,1,2,0.5,0.5,1,1,0.25,0,4,1,1,1,2,1,0.5,134,10240,35,600,45,95,1250000,2.2,91,50,100,100,80,dragon,flying,210,1,0,normal
152,2,1,1,0.5,1,1,2,2,1,0.5,0.5,2,1,2,1,1,1,0.5,49,5120,70,318,45,65,1059860,0.9,45,88.1,49,65,45,grass,,6.4,2,0,normal
153,2,1,1,0.5,1,1,2,2,1,0.5,0.5,2,1,2,1,1,1,0.5,62,5120,70,405,45,80,1059860,1.2,60,88.1,63,80,60,grass,,15.8,2,0,normal
154,2,1,1,0.5,1,1,2,2,1,0.5,0.5,2,1,2,1,1,1,0.5,82,5120,70,525,45,100,1059860,1.8,80,88.1,83,100,80,grass,,100.5,2,0,normal
155,0.5,1,1,1,0.5,1,0.5,1,1,0.5,2,0.5,1,1,1,2,0.5,2,52,5120,70,309,45,43,1059860,0.5,39,88.1,60,50,65,fire,,7.9,2,0,normal
156,0.5,1,1,1,0.5,1,0.5,1,1,0.5,2,0.5,1,1,1,2,0.5,2,64,5120,70,405,45,58,1059860,0.9,58,88.1,80,65,80,fire,,19,2,0,normal
157,0.5,1,1,1,0.5,1,0.5,1,1,0.5,2,0.5,1,1,1,2,0.5,2,84,5120,70,534,45,78,1059860,1.7,78,88.1,109,85,100,fire,,79.5,2,0,normal
158,1,1,1,2,1,1,0.5,1,1,2,1,0.5,1,1,1,1,0.5,0.5,65,5120,70,314,45,64,1059860,0.6,50,88.1,44,48,43,water,,9.5,2,0,normal
159,1,1,1,2,1,1,0.5,1,1,2,1,0.5,1,1,1,1,0.5,0.5,80,5120,70,405,45,80,1059860,1.1,65,88.1,59,63,58,water,,25,2,0,normal
160,1,1,1,2,1,1,0.5,1,1,2,1,0.5,1,1,1,1,0.5,0.5,105,5120,70,530,45,100,1059860,2.3,85,88.1,79,83,78,water,,88.8,2,0,normal
161,1,1,1,1,1,2,1,1,0,1,1,1,1,1,1,1,1,1,46,3840,70,215,255,34,1000000,0.8,35,50,35,45,20,normal,,6,2,0,normal
162,1,1,1,1,1,2,1,1,0,1,1,1,1,1,1,1,1,1,76,3840,70,415,90,64,1000000,1.8,85,50,45,55,90,normal,,32.5,2,0,normal
163,0.5,1,1,2,1,1,1,1,0,0.5,0,2,1,1,1,2,1,1,30,3840,70,262,255,30,1000000,0.7,60,50,36,56,50,normal,flying,21.2,2,0,normal
164,0.5,1,1,2,1,1,1,1,0,0.5,0,2,1,1,1,2,1,1,50,3840,70,452,90,50,1000000,1.6,100,50,86,96,70,normal,flying,40.8,2,0,normal
165,0.5,1,1,2,1,0.25,2,2,1,0.25,0,2,1,1,1,4,1,1,20,3840,70,265,255,30,800000,1,40,50,40,80,55,bug,flying,10.8,2,0,normal
166,0.5,1,1,2,1,0.25,2,2,1,0.25,0,2,1,1,1,4,1,1,35,3840,70,390,90,50,800000,1.4,55,50,55,110,85,bug,flying,35.6,2,0,normal
167,0.5,1,1,1,0.5,0.25,2,2,1,0.25,1,1,1,0.5,2,2,1,1,60,3840,70,250,255,40,800000,0.5,40,50,40,40,30,bug,poison,8.5,2,0,normal
168,0.5,1,1,1,0.5,0.25,2,2,1,0.25,1,1,1,0.5,2,2,1,1,90,3840,70,400,90,70,800000,1.1,70,50,60,70,40,bug,poison,33.5,2,0,normal
169,0.25,1,1,2,0.5,0.25,1,1,1,0.25,0,2,1,0.5,2,2,1,1,90,3840,70,535,90,80,1000000,1.8,85,50,70,80,130,poison,flying,75,2,0,normal
170,1,1,1,1,1,1,0.5,0.5,1,2,2,0.5,1,1,1,1,0.25,0.5,38,5120,70,330,190,38,1250000,0.5,75,50,56,56,67,water,electric,12,2,0,normal
171,1,1,1,1,1,1,0.5,0.5,1,2,2,0.5,1,1,1,1,0.25,0.5,58,5120,70,460,75,58,1250000,1.2,125,50,76,76,67,water,electric,22.5,2,0,normal
172,1,1,1,0.5,1,1,1,0.5,1,1,2,1,1,1,1,1,0.5,1,40,2560,70,205,190,15,1000000,0.3,20,50,35,35,60,electric,,2,2,0,normal
173,0.5,0.5,0,1,1,0.5,1,1,1,1,1,1,1,2,1,1,2,1,25,2560,140,218,150,28,800000,0.3,50,24.6,45,55,15,fairy,,3,2,0,normal
174,0.5,0.5,0,1,1,1,1,1,0,1,1,1,1,2,1,1,2,1,30,2560,70,210,170,15,800000,0.3,90,24.6,40,20,15,normal,fairy,1,2,0,normal
175,0.5,0.5,0,1,1,0.5,1,1,1,1,1,1,1,2,1,1,2,1,20,2560,70,245,190,65,800000,0.3,35,88.1,40,65,20,fairy,,1.5,2,0,normal
176,0.25,0.5,0,2,1,0.25,1,1,1,0.5,0,2,1,2,1,2,2,1,40,2560,70,405,75,85,800000,0.6,55,88.1,80,105,40,fairy,flying,3.2,2,0,normal
177,1,2,1,2,1,0.25,1,1,2,0.5,0,2,1,1,0.5,2,1,1,50,5120,70,320,190,45,1000000,0.2,40,50,70,45,70,psychic,flying,2,2,0,normal
178,1,2,1,2,1,0.25,1,1,2,0.5,0,2,1,1,0.5,2,1,1,75,5120,70,470,75,70,1000000,1.5,65,50,95,70,95,psychic,flying,15,2,0,normal
179,1,1,1,0.5,1,1,1,0.5,1,1,2,1,1,1,1,1,0.5,1,40,5120,70,280,235,40,1059860,0.6,55,50,65,45,35,electric,,7.8,2,0,normal
180,1,1,1,0.5,1,1,1,0.5,1,1,2,1,1,1,1,1,0.5,1,55,5120,70,365,120,55,1059860,0.8,70,50,80,60,45,electric,,13.3,2,0,normal
181,1,1,1,0.5,1,1,1,0.5,1,1,2,1,1,1,1,1,0.5,1,95,5120,70,610,45,105,1059860,1.4,90,50,165,110,45,electric,,61.5,2,0,normal
182,2,1,1,0.5,1,1,2,2,1,0.5,0.5,2,1,2,1,1,1,0.5,80,5120,70,490,45,95,1059860,0.4,75,50,90,100,50,grass,,5.8,2,0,normal
183,0.5,0.5,0,2,1,0.5,0.5,1,1,2,1,0.5,1,2,1,1,1,0.5,20,2560,70,250,190,50,800000,0.4,70,50,20,50,40,water,fairy,8.5,2,0,normal
184,0.5,0.5,0,2,1,0.5,0.5,1,1,2,1,0.5,1,2,1,1,1,0.5,50,2560,70,420,75,80,800000,0.8,100,50,60,80,50,water,fairy,28.5,2,0,normal
185,1,1,1,1,1,2,0.5,0.5,1,2,2,1,0.5,0.5,1,1,2,2,100,5120,70,410,65,115,1000000,1.2,70,50,30,65,30,rock,,38,2,0,normal
186,1,1,1,2,1,1,0.5,1,1,2,1,0.5,1,1,1,1,0.5,0.5,75,5120,70,500,45,75,1059860,1.1,90,50,90,100,70,water,,33.9,2,0,normal
187,1,1,1,1,1,0.5,2,2,1,0.25,0,4,1,2,1,2,1,0.5,35,5120,70,250,255,40,1059860,0.4,35,50,35,55,50,grass,flying,0.5,2,0,normal
188,1,1,1,1,1,0.5,2,2,1,0.25,0,4,1,2,1,2,1,0.5,45,5120,70,340,120,50,1059860,0.6,55,50,45,65,80,grass,flying,1,2,0,normal
189,1,1,1,1,1,0.5,2,2,1,0.25,0,4,1,2,1,2,1,0.5,55,5120,70,460,45,70,1059860,0.8,75,50,55,95,110,grass,flying,3,2,0,normal
190,1,1,1,1,1,2,1,1,0,1,1,1,1,1,1,1,1,1,70,5120,70,360,45,55,800000,0.8,55,50,40,55,85,normal,,11.5,2,0,normal
191,2,1,1,0.5,1,1,2,2,1,0.5,0.5,2,1,2,1,1,1,0.5,30,5120,70,180,235,30,1059860,0.3,30,50,30,30,30,grass,,1.8,2,0,normal
192,2,1,1,0.5,1,1,2,2,1,0.5,0.5,2,1,2,1,1,1,0.5,75,5120,70,425,120,55,1059860,0.8,75,50,105,85,30,grass,,8.5,2,0,normal
193,0.5,1,1,2,1,0.25,2,2,1,0.25,0,2,1,1,1,4,1,1,65,5120,70,390,75,45,1000000,1.2,65,50,75,45,95,bug,flying,38,2,0,normal
194,1,1,1,0,1,1,0.5,1,1,4,1,1,1,0.5,1,0.5,0.5,1,45,5120,70,210,255,45,1000000,0.4,55,50,25,25,15,water,ground,8.5,2,0,normal
195,1,1,1,0,1,1,0.5,1,1,4,1,1,1,0.5,1,0.5,0.5,1,85,5120,70,430,90,85,1000000,1.4,95,50,65,65,35,water,ground,75,2,0,normal
196,2,2,1,1,1,0.5,1,1,2,1,1,1,1,1,0.5,1,1,1,65,8960,70,525,45,60,1000000,0.9,65,88.1,130,95,110,psychic,,26.5,2,0,normal
197,2,0.5,1,1,2,2,1,1,0.5,1,1,1,1,1,0,1,1,1,65,8960,35,525,45,110,1000000,1,95,88.1,60,130,65,dark,,27,2,0,normal
198,1,0.5,1,2,2,1,1,1,0.5,0.5,0,2,1,1,0,2,1,1,85,5120,35,405,30,42,1059860,0.5,60,50,85,42,91,dark,flying,2.1,2,0,normal
199,2,2,1,2,1,0.5,0.5,1,2,2,1,0.5,1,1,0.5,1,0.5,0.5,75,5120,70,490,70,80,1000000,2,95,50,100,110,30,water,psychic,79.5,2,0,normal
200,0.5,2,1,1,1,0,1,1,2,1,1,1,0,0.5,1,1,1,1,60,6400,35,435,45,60,800000,0.7,60,50,85,85,85,ghost,,1,2,0,normal
201,2,2,1,1,1,0.5,1,1,2,1,1,1,1,1,0.5,1,1,1,72,10240,70,336,225,48,1000000,0.5,48,,72,48,48,psychic,,5,2,0,normal
202,2,2,1,1,1,0.5,1,1,2,1,1,1,1,1,0.5,1,1,1,33,5120,70,405,45,58,1000000,1.3,190,50,33,58,33,psychic,,28.5,2,0,normal
203,2,2,1,1,1,1,1,1,0,1,1,1,1,1,0.5,1,1,1,80,5120,70,455,60,65,1000000,1.5,70,50,90,65,85,normal,psychic,41.5,2,0,normal
204,1,1,1,1,1,0.5,2,2,1,0.5,0.5,1,1,1,1,2,1,1,65,5120,70,290,190,90,1000000,0.6,50,50,35,35,15,bug,,7.2,2,0,normal
205,0.5,1,0.5,1,0.5,1,4,1,1,0.25,1,0.5,0.5,0,0.5,1,0.5,1,90,5120,70,465,75,140,1000000,1.2,75,50,60,60,40,bug,steel,125.8,2,0,normal
206,1,1,1,1,1,2,1,1,0,1,1,1,1,1,1,1,1,1,70,5120,70,415,190,70,1000000,1.5,100,50,65,65,45,normal,,14,2,0,normal
207,0.5,1,1,0,1,0.5,1,1,1,1,0,4,1,0.5,1,1,1,2,75,5120,70,430,60,105,1059860,1.1,65,50,35,65,85,ground,flying,64.8,2,0,normal
208,0.5,1,0.5,0,0.5,2,2,0.5,1,1,2,1,0.5,0,0.5,0.25,0.5,2,125,6400,70,610,25,230,1000000,9.2,75,50,55,95,30,steel,ground,400,2,0,normal
209,0.5,0.5,0,1,1,0.5,1,1,1,1,1,1,1,2,1,1,2,1,80,5120,70,300,190,50,800000,0.6,60,24.6,40,40,30,fairy,,7.8,2,0,normal
210,0.5,0.5,0,1,1,0.5,1,1,1,1,1,1,1,2,1,1,2,1,120,5120,70,450,75,75,800000,1.4,90,24.6,60,60,45,fairy,,48.7,2,0,normal
211,0.5,1,1,2,0.5,0.5,0.5,1,1,1,2,0.5,1,0.5,2,1,0.5,0.5,95,5120,70,440,45,85,1000000,0.5,65,50,55,55,85,water,poison,3.9,2,0,normal
212,0.5,1,0.5,1,0.5,1,4,1,1,0.25,1,0.5,0.5,0,0.5,1,0.5,1,150,6400,70,600,25,140,1000000,1.8,70,50,65,100,75,bug,steel,118,2,0,normal
213,1,1,1,1,1,1,1,1,1,1,1,1,0.5,0.5,1,2,2,2,10,5120,70,505,190,230,1059860,0.6,20,50,10,230,5,bug,rock,20.5,2,0,normal
214,0.5,0.5,1,1,2,0.5,2,4,1,0.5,0.5,1,1,1,2,1,1,1,185,6400,70,600,45,115,1250000,1.5,80,50,40,105,75,bug,fighting,54,2,0,normal
215,2,0.5,1,1,2,4,2,1,0.5,1,1,0.5,1,1,0,2,2,1,95,5120,35,430,60,55,1059860,0.9,55,50,35,75,115,dark,ice,28,2,0,normal
216,1,1,1,1,1,2,1,1,0,1,1,1,1,1,1,1,1,1,80,5120,70,330,120,50,1000000,0.6,60,50,50,50,40,normal,,8.8,2,0,normal
217,1,1,1,1,1,2,1,1,0,1,1,1,1,1,1,1,1,1,130,5120,70,500,60,75,1000000,1.8,90,50,75,75,55,normal,,125.8,2,0,normal
218,0.5,1,1,1,0.5,1,0.5,1,1,0.5,2,0.5,1,1,1,2,0.5,2,40,5120,70,250,190,40,1000000,0.7,40,50,70,40,20,fire,,35,2,0,normal
219,0.5,1,1,1,0.5,2,0.25,0.5,1,1,4,0.5,0.5,0.5,1,2,1,4,50,5120,70,430,75,120,1000000,0.8,60,50,90,80,30,fire,rock,55,2,0,normal
220,1,1,1,0,1,2,2,1,1,2,1,1,1,0.5,1,1,2,2,50,5120,70,250,225,40,1250000,0.4,50,50,30,30,50,ice,ground,6.5,2,0,normal
221,1,1,1,0,1,2,2,1,1,2,1,1,1,0.5,1,1,2,2,100,5120,70,450,75,80,1250000,1.1,100,50,60,60,50,ice,ground,55.8,2,0,normal
222,1,1,1,2,1,2,0.25,0.5,1,4,2,0.5,0.5,0.5,1,1,1,1,55,5120,70,410,60,95,800000,0.6,65,24.6,65,95,35,water,rock,5,2,0,normal
223,1,1,1,2,1,1,0.5,1,1,2,1,0.5,1,1,1,1,0.5,0.5,65,5120,70,300,190,35,1000000,0.6,35,50,65,35,65,water,,12,2,0,normal
224,1,1,1,2,1,1,0.5,1,1,2,1,0.5,1,1,1,1,0.5,0.5,105,5120,70,480,75,75,1000000,0.9,75,50,105,75,45,water,,28.5,2,0,normal
225,0.5,1,1,2,1,1,2,1,1,0.5,0,1,1,1,1,4,2,1,55,5120,70,330,45,45,800000,0.9,45,50,65,45,75,ice,flying,16,2,0,normal
226,0.5,1,1,4,1,0.5,0.5,1,1,1,0,1,1,1,1,2,0.5,0.5,40,6400,70,485,25,70,1250000,2.1,85,50,80,140,70,water,flying,220,2,0,normal
227,0.25,1,0.5,2,0.5,1,2,0.5,1,0.25,0,1,0.5,0,0.5,1,0.5,1,80,6400,70,465,25,140,1250000,1.7,65,50,40,70,70,steel,flying,50.5,2,0,normal
228,1,0.5,1,1,1,2,0.5,1,0.5,0.5,2,0.5,1,1,0,2,0.5,2,60,5120,35,330,120,30,1250000,0.6,45,50,80,50,65,dark,fire,10.8,2,0,normal
229,1,0.5,1,1,1,2,0.5,1,0.5,0.5,2,0.5,1,1,0,2,0.5,2,90,5120,35,600,45,90,1250000,1.4,75,50,140,90,115,dark,fire,35,2,0,normal
230,1,1,2,1,2,1,0.25,1,1,1,1,1,1,1,1,1,0.5,0.25,95,5120,70,540,45,95,1000000,1.8,75,50,95,95,85,water,dragon,152,2,0,normal
231,1,1,1,0,1,1,1,1,1,2,1,2,1,0.5,1,0.5,1,2,60,5120,70,330,120,60,1000000,0.5,90,50,40,40,40,ground,,33.5,2,0,normal
232,1,1,1,0,1,1,1,1,1,2,1,2,1,0.5,1,0.5,1,2,120,5120,70,500,60,120,1000000,1.1,90,50,60,60,50,ground,,120,2,0,normal
233,1,1,1,1,1,2,1,1,0,1,1,1,1,1,1,1,1,1,80,5120,70,515,45,90,1000000,0.6,85,,105,95,60,normal,,32.5,2,0,normal
234,1,1,1,1,1,2,1,1,0,1,1,1,1,1,1,1,1,1,95,5120,70,465,45,62,1250000,1.4,73,50,85,65,85,normal,,71.2,2,0,normal
235,1,1,1,1,1,2,1,1,0,1,1,1,1,1,1,1,1,1,20,5120,70,250,45,35,800000,1.2,55,50,20,45,75,normal,,58,2,0,normal
236,0.5,0.5,1,1,2,1,1,2,1,1,1,1,1,1,2,0.5,1,1,35,6400,70,210,75,35,1000000,0.7,35,100,35,35,35,fighting,,21,2,0,normal
237,0.5,0.5,1,1,2,1,1,2,1,1,1,1,1,1,2,0.5,1,1,95,6400,70,455,45,95,1000000,1.4,50,100,35,110,70,fighting,,48,2,0,normal
238,2,2,1,1,1,1,2,1,2,1,1,0.5,1,1,0.5,2,2,1,30,6400,70,305,45,15,1000000,0.4,45,0,85,65,65,ice,psychic,6,2,0,normal
239,1,1,1,0.5,1,1,1,0.5,1,1,2,1,1,1,1,1,0.5,1,63,6400,70,360,45,37,1000000,0.6,45,75.4,65,55,95,electric,,23.5,2,0,normal
240,0.5,1,1,1,0.5,1,0.5,1,1,0.5,2,0.5,1,1,1,2,0.5,2,75,6400,70,365,45,37,1000000,0.7,45,75.4,70,55,83,fire,,21.4,2,0,normal
241,1,1,1,1,1,2,1,1,0,1,1,1,1,1,1,1,1,1,80,5120,70,490,45,105,1250000,1.2,95,0,40,70,100,normal,,75.5,2,0,normal
242,1,1,1,1,1,2,1,1,0,1,1,1,1,1,1,1,1,1,10,10240,140,540,30,10,800000,1.5,255,0,75,135,55,normal,,46.8,2,0,normal
246,1,1,1,0,1,2,0.5,0.5,1,4,2,2,0.5,0.25,1,0.5,2,4,64,10240,35,300,45,50,1250000,0.6,50,50,45,50,41,rock,ground,72,2,0,normal
247,1,1,1,0,1,2,0.5,0.5,1,4,2,2,0.5,0.25,1,0.5,2,4,84,10240,35,410,45,70,1250000,1.2,70,50,65,70,51,rock,ground,152,2,0,normal
248,2,0.5,1,1,2,4,0.5,0.5,0.5,2,2,1,0.5,0.5,0,1,2,2,164,10240,35,700,45,150,1250000,2,100,50,95,120,71,rock,dark,202,2,0,normal
252,2,1,1,0.5,1,1,2,2,1,0.5,0.5,2,1,2,1,1,1,0.5,45,5120,70,310,45,35,1059860,0.5,40,88.1,65,55,70,grass,,5,3,0,normal
253,2,1,1,0.5,1,1,2,2,1,0.5,0.5,2,1,2,1,1,1,0.5,65,5120,70,405,45,45,1059860,0.9,50,88.1,85,65,95,grass,,21.6,3,0,normal
254,2,1,1,0.5,1,1,2,2,1,0.5,0.5,2,1,2,1,1,1,0.5,110,5120,70,630,45,75,1059860,1.7,70,88.1,145,85,145,grass,,52.2,3,0,normal
255,0.5,1,1,1,0.5,1,0.5,1,1,0.5,2,0.5,1,1,1,2,0.5,2,60,5120,70,310,45,40,1059860,0.4,45,88.1,70,50,45,fire,,2.5,3,0,normal
256,0.25,0.5,1,1,1,1,0.5,2,1,0.5,2,0.5,1,1,2,1,0.5,2,85,5120,70,405,45,60,1059860,0.9,60,88.1,85,60,55,fire,fighting,19.5,3,0,normal
257,0.25,0.5,1,1,1,1,0.5,2,1,0.5,2,0.5,1,1,2,1,0.5,2,160,5120,70,630,45,80,1059860,1.9,80,88.1,130,80,100,fire,fighting,52,3,0,normal
258,1,1,1,2,1,1,0.5,1,1,2,1,0.5,1,1,1,1,0.5,0.5,70,5120,70,310,45,50,1059860,0.4,50,88.1,50,50,40,water,,7.6,3,0,normal
259,1,1,1,0,1,1,0.5,1,1,4,1,1,1,0.5,1,0.5,0.5,1,85,5120,70,405,45,70,1059860,0.7,70,88.1,60,70,50,water,ground,28,3,0,normal
260,1,1,1,0,1,1,0.5,1,1,4,1,1,1,0.5,1,0.5,0.5,1,150,5120,70,635,45,110,1059860,1.5,100,88.1,95,110,70,water,ground,81.9,3,0,normal
261,2,0.5,1,1,2,2,1,1,0.5,1,1,1,1,1,0,1,1,1,55,3840,70,220,255,35,1000000,0.5,35,50,30,30,35,dark,,13.6,3,0,normal
262,2,0.5,1,1,2,2,1,1,0.5,1,1,1,1,1,0,1,1,1,90,3840,70,420,127,70,1000000,1,70,50,60,60,70,dark,,37,3,0,normal
263,1,1,1,1,1,2,1,1,0,1,1,1,1,1,1,1,1,1,30,3840,70,240,255,41,1000000,0.4,38,50,30,41,60,normal,,17.5,3,0,normal
264,1,1,1,1,1,2,1,1,0,1,1,1,1,1,1,1,1,1,70,3840,70,420,90,61,1000000,0.5,78,50,50,61,100,normal,,32.5,3,0,normal
265,1,1,1,1,1,0.5,2,2,1,0.5,0.5,1,1,1,1,2,1,1,45,3840,70,195,255,35,1000000,0.3,45,50,20,30,20,bug,,3.6,3,0,normal
266,1,1,1,1,1,0.5,2,2,1,0.5,0.5,1,1,1,1,2,1,1,35,3840,70,205,120,55,1000000,0.6,50,50,25,25,15,bug,,10,3,0,normal
267,0.5,1,1,2,1,0.25,2,2,1,0.25,0,2,1,1,1,4,1,1,70,3840,70,395,45,50,1000000,1,60,50,100,50,65,bug,flying,28.4,3,0,normal
268,1,1,1,1,1,0.5,2,2,1,0.5,0.5,1,1,1,1,2,1,1,35,3840,70,205,120,55,1000000,0.7,50,50,25,25,15,bug,,11.5,3,0,normal
269,0.5,1,1,1,0.5,0.25,2,2,1,0.25,1,1,1,0.5,2,2,1,1,50,3840,70,385,45,70,1000000,1.2,60,50,50,90,65,bug,poison,31.6,3,0,normal
270,2,1,1,1,1,1,1,2,1,1,0.5,1,1,2,1,1,0.5,0.25,30,3840,70,220,255,30,1059860,0.5,40,50,40,50,30,water,grass,2.6,3,0,normal
271,2,1,1,1,1,1,1,2,1,1,0.5,1,1,2,1,1,0.5,0.25,50,3840,70,340,120,50,1059860,1.2,60,50,60,70,50,water,grass,32.5,3,0,normal
272,2,1,1,1,1,1,1,2,1,1,0.5,1,1,2,1,1,0.5,0.25,70,3840,70,480,45,70,1059860,1.5,80,50,90,100,70,water,grass,55,3,0,normal
273,2,1,1,0.5,1,1,2,2,1,0.5,0.5,2,1,2,1,1,1,0.5,40,3840,70,220,255,50,1059860,0.5,40,50,30,30,30,grass,,4,3,0,normal
274,4,0.5,1,0.5,2,2,2,2,0.5,0.5,0.5,2,1,2,0,1,1,0.5,70,3840,70,340,120,40,1059860,1,70,50,60,40,60,grass,dark,28,3,0,normal
275,4,0.5,1,0.5,2,2,2,2,0.5,0.5,0.5,2,1,2,0,1,1,0.5,100,3840,70,480,45,60,1059860,1.3,90,50,90,60,80,grass,dark,59.6,3,0,normal
276,0.5,1,1,2,1,1,1,1,0,0.5,0,2,1,1,1,2,1,1,55,3840,70,270,200,30,1059860,0.3,40,50,30,30,85,normal,flying,2.3,3,0,normal
277,0.5,1,1,2,1,1,1,1,0,0.5,0,2,1,1,1,2,1,1,85,3840,70,455,45,60,1059860,0.7,60,50,75,50,125,normal,flying,19.8,3,0,normal
278,0.5,1,1,4,1,0.5,0.5,1,1,1,0,1,1,1,1,2,0.5,0.5,30,5120,70,270,190,30,1000000,0.6,40,50,55,30,85,water,flying,9.5,3,0,normal
279,0.5,1,1,4,1,0.5,0.5,1,1,1,0,1,1,1,1,2,0.5,0.5,50,5120,70,440,45,100,1000000,1.2,60,50,95,70,65,water,flying,28,3,0,normal
280,1,1,0,1,1,0.25,1,1,2,1,1,1,1,2,0.5,1,2,1,25,5120,35,198,235,25,1250000,0.4,28,50,45,35,40,psychic,fairy,6.6,3,0,normal
281,1,1,0,1,1,0.25,1,1,2,1,1,1,1,2,0.5,1,2,1,35,5120,35,278,120,35,1250000,0.8,38,50,65,55,50,psychic,fairy,20.2,3,0,normal
282,1,1,0,1,1,0.25,1,1,2,1,1,1,1,2,0.5,1,2,1,85,5120,35,618,45,65,1250000,1.6,68,50,165,135,100,psychic,fairy,48.4,3,0,normal
283,1,1,1,2,1,0.5,1,2,1,1,0.5,0.5,1,1,1,2,0.5,0.5,30,3840,70,269,200,32,1000000,0.5,40,50,50,52,65,bug,water,1.7,3,0,normal
284,0.5,1,1,2,1,0.25,2,2,1,0.25,0,2,1,1,1,4,1,1,60,3840,70,454,75,62,1000000,0.8,70,50,100,82,80,bug,flying,3.6,3,0,normal
285,2,1,1,0.5,1,1,2,2,1,0.5,0.5,2,1,2,1,1,1,0.5,40,3840,70,295,255,60,1640000,0.4,60,50,40,60,35,grass,,4.5,3,0,normal
286,1,0.5,1,0.5,2,1,2,4,1,0.5,0.5,2,1,2,2,0.5,1,0.5,130,3840,70,460,90,80,1640000,1.2,60,50,60,60,70,grass,fighting,39.2,3,0,normal
287,1,1,1,1,1,2,1,1,0,1,1,1,1,1,1,1,1,1,60,3840,70,280,255,60,1250000,0.8,60,50,35,35,30,normal,,24,3,0,normal
288,1,1,1,1,1,2,1,1,0,1,1,1,1,1,1,1,1,1,80,3840,70,440,120,80,1250000,1.4,80,50,55,55,90,normal,,46.5,3,0,normal
289,1,1,1,1,1,2,1,1,0,1,1,1,1,1,1,1,1,1,160,3840,70,670,45,100,1250000,2,150,50,95,65,100,normal,,130.5,3,0,normal
290,1,1,1,0,1,0.5,2,2,1,1,0.5,2,1,0.5,1,1,1,2,45,3840,70,266,255,90,600000,0.5,31,50,30,30,40,bug,ground,5.5,3,0,normal
291,0.5,1,1,2,1,0.25,2,2,1,0.25,0,2,1,1,1,4,1,1,90,3840,70,456,120,45,600000,0.8,61,50,50,50,160,bug,flying,12,3,0,normal
292,0.5,2,1,1,1,0,2,2,2,0.5,0.5,1,0,0.5,1,2,1,1,90,3840,70,236,45,45,600000,0.8,1,,30,30,40,bug,ghost,1.2,3,0,normal
293,1,1,1,1,1,2,1,1,0,1,1,1,1,1,1,1,1,1,51,5120,70,240,190,23,1059860,0.6,64,50,51,23,28,normal,,16.3,3,0,normal
294,1,1,1,1,1,2,1,1,0,1,1,1,1,1,1,1,1,1,71,5120,70,360,120,43,1059860,1,84,50,71,43,48,normal,,40.5,3,0,normal
295,1,1,1,1,1,2,1,1,0,1,1,1,1,1,1,1,1,1,91,5120,70,490,45,63,1059860,1.5,104,50,91,73,68,normal,,84,3,0,normal
296,0.5,0.5,1,1,2,1,1,2,1,1,1,1,1,1,2,0.5,1,1,60,5120,70,237,180,30,1640000,1,72,75.4,20,30,25,fighting,,86.4,3,0,normal
297,0.5,0.5,1,1,2,1,1,2,1,1,1,1,1,1,2,0.5,1,1,120,5120,70,474,200,60,1640000,2.3,144,75.4,40,60,50,fighting,,253.8,3,0,normal
298,0.5,0.5,0,1,1,1,1,1,0,1,1,1,1,2,1,1,2,1,20,2560,70,190,150,40,800000,0.2,50,24.6,20,40,20,normal,fairy,2,3,0,normal
299,1,1,1,1,1,2,0.5,0.5,1,2,2,1,0.5,0.5,1,1,2,2,45,5120,70,375,255,135,1000000,1,30,50,45,90,30,rock,,97,3,0,normal
300,1,1,1,1,1,2,1,1,0,1,1,1,1,1,1,1,1,1,45,3840,70,260,255,45,800000,0.6,50,24.6,35,35,50,normal,,11,3,0,normal
301,1,1,1,1,1,2,1,1,0,1,1,1,1,1,1,1,1,1,65,3840,70,400,60,65,800000,1.1,70,24.6,55,55,90,normal,,32.6,3,0,normal
302,1,1,1,1,2,0,1,1,1,1,1,1,0,0.5,0,1,1,1,85,6400,35,480,45,125,1059860,0.5,50,50,85,115,20,dark,ghost,11,3,0,normal
303,0.25,0.5,0,1,0.5,1,2,0.5,1,0.5,2,0.5,0.5,0,0.5,0.5,1,1,105,5120,70,480,45,125,800000,0.6,50,50,55,95,50,steel,fairy,11.5,3,0,normal
304,0.5,1,0.5,1,0.5,4,1,0.25,1,1,4,0.5,0.25,0,0.5,0.5,1,2,70,8960,35,330,180,100,1250000,0.4,50,50,40,40,30,steel,rock,60,3,0,normal
305,0.5,1,0.5,1,0.5,4,1,0.25,1,1,4,0.5,0.25,0,0.5,0.5,1,2,90,8960,35,430,90,140,1250000,0.9,60,50,50,50,40,steel,rock,120,3,0,normal
306,0.5,1,0.5,1,0.5,4,1,0.25,1,1,4,0.5,0.25,0,0.5,0.5,1,2,140,8960,35,630,45,230,1250000,2.1,70,50,60,80,50,steel,rock,360,3,0,normal
307,1,1,1,1,2,0.5,1,2,2,1,1,1,1,1,1,0.5,1,1,40,5120,70,280,180,55,1000000,0.6,30,50,40,55,60,fighting,psychic,11.2,3,0,normal
308,1,1,1,1,2,0.5,1,2,2,1,1,1,1,1,1,0.5,1,1,100,5120,70,510,90,85,1000000,1.3,60,50,80,85,100,fighting,psychic,31.5,3,0,normal
309,1,1,1,0.5,1,1,1,0.5,1,1,2,1,1,1,1,1,0.5,1,45,5120,70,295,120,40,1250000,0.6,40,50,65,40,65,electric,,15.2,3,0,normal
310,1,1,1,0.5,1,1,1,0.5,1,1,2,1,1,1,1,1,0.5,1,75,5120,70,575,45,80,1250000,1.5,70,50,135,80,135,electric,,40.2,3,0,normal
311,1,1,1,0.5,1,1,1,0.5,1,1,2,1,1,1,1,1,0.5,1,50,5120,70,405,200,40,1000000,0.4,60,50,85,75,95,electric,,4.2,3,0,normal
312,1,1,1,0.5,1,1,1,0.5,1,1,2,1,1,1,1,1,0.5,1,40,5120,70,405,200,50,1000000,0.4,60,50,75,85,95,electric,,4.2,3,0,normal
313,1,1,1,1,1,0.5,2,2,1,0.5,0.5,1,1,1,1,2,1,1,73,3840,70,430,150,75,600000,0.7,65,100,47,85,85,bug,,17.7,3,0,normal
314,1,1,1,1,1,0.5,2,2,1,0.5,0.5,1,1,1,1,2,1,1,47,3840,70,430,150,75,1640000,0.6,65,0,73,85,85,bug,,17.7,3,0,normal
315,1,1,1,0.5,0.5,0.5,2,2,1,0.25,1,2,1,1,2,1,1,0.5,60,5120,70,400,150,45,1059860,0.3,50,50,100,80,65,grass,poison,2,3,0,normal
316,0.5,1,1,1,0.5,0.5,1,1,1,0.5,2,1,1,0.5,2,1,1,1,43,5120,70,302,225,53,1640000,0.4,70,50,43,53,40,poison,,10.3,3,0,normal
317,0.5,1,1,1,0.5,0.5,1,1,1,0.5,2,1,1,0.5,2,1,1,1,73,5120,70,467,75,83,1640000,1.7,100,50,73,83,55,poison,,80,3,0,normal
318,2,0.5,1,2,2,2,0.5,1,0.5,2,1,0.5,1,1,0,1,0.5,0.5,90,5120,35,305,225,20,1250000,0.8,45,50,65,20,65,water,dark,20.8,3,0,normal
319,2,0.5,1,2,2,2,0.5,1,0.5,2,1,0.5,1,1,0,1,0.5,0.5,140,5120,35,560,60,70,1250000,1.8,70,50,110,65,105,water,dark,88.8,3,0,normal
320,1,1,1,2,1,1,0.5,1,1,2,1,0.5,1,1,1,1,0.5,0.5,70,10240,70,400,125,35,1640000,2,130,50,70,35,60,water,,130,3,0,normal
321,1,1,1,2,1,1,0.5,1,1,2,1,0.5,1,1,1,1,0.5,0.5,90,10240,70,500,60,45,1640000,14.5,170,50,90,45,60,water,,398,3,0,normal
322,0.5,1,1,0,0.5,1,0.5,1,1,1,2,1,1,0.5,1,1,0.5,4,60,5120,70,305,255,40,1000000,0.7,60,50,65,45,35,fire,ground,24,3,0,normal
323,0.5,1,1,0,0.5,1,0.5,1,1,1,2,1,1,0.5,1,1,0.5,4,120,5120,70,560,150,100,1000000,1.9,70,50,145,105,20,fire,ground,220,3,0,normal
324,0.5,1,1,1,0.5,1,0.5,1,1,0.5,2,0.5,1,1,1,2,0.5,2,85,5120,70,470,90,140,1000000,0.5,70,50,85,70,20,fire,,80.4,3,0,normal
325,2,2,1,1,1,0.5,1,1,2,1,1,1,1,1,0.5,1,1,1,25,5120,70,330,255,35,800000,0.7,60,50,70,80,60,psychic,,30.6,3,0,normal
326,2,2,1,1,1,0.5,1,1,2,1,1,1,1,1,0.5,1,1,1,45,5120,70,470,60,65,800000,0.9,80,50,90,110,80,psychic,,71.5,3,0,normal
327,1,1,1,1,1,2,1,1,0,1,1,1,1,1,1,1,1,1,60,3840,70,360,255,60,800000,1.1,60,50,60,60,60,normal,,5,3,0,normal
328,1,1,1,0,1,1,1,1,1,2,1,2,1,0.5,1,0.5,1,2,100,5120,70,290,255,45,1059860,0.7,45,50,45,45,10,ground,,15,3,0,normal
329,1,1,2,0,2,1,0.5,1,1,1,1,4,1,0.5,1,0.5,1,1,70,5120,70,340,120,50,1059860,1.1,50,50,50,50,70,ground,dragon,15.3,3,0,normal
330,1,1,2,0,2,1,0.5,1,1,1,1,4,1,0.5,1,0.5,1,1,100,5120,70,520,45,80,1059860,2,80,50,80,80,100,ground,dragon,82,3,0,normal
331,2,1,1,0.5,1,1,2,2,1,0.5,0.5,2,1,2,1,1,1,0.5,85,5120,35,335,190,40,1059860,0.4,50,50,85,40,35,grass,,51.3,3,0,normal
332,4,0.5,1,0.5,2,2,2,2,0.5,0.5,0.5,2,1,2,0,1,1,0.5,115,5120,35,475,60,60,1059860,1.3,70,50,115,60,55,grass,dark,77.4,3,0,normal
333,0.5,1,1,2,1,1,1,1,0,0.5,0,2,1,1,1,2,1,1,40,5120,70,310,255,60,600000,0.4,45,50,40,75,50,normal,flying,1.2,3,0,normal
334,0.5,1,2,1,2,0.5,0.5,1,1,0.25,0,4,1,1,1,2,1,0.5,110,5120,70,590,45,110,600000,1.1,75,50,110,105,80,dragon,flying,20.6,3,0,normal
335,1,1,1,1,1,2,1,1,0,1,1,1,1,1,1,1,1,1,115,5120,70,458,90,60,600000,1.3,73,50,60,60,90,normal,,40.3,3,0,normal
336,0.5,1,1,1,0.5,0.5,1,1,1,0.5,2,1,1,0.5,2,1,1,1,100,5120,70,458,90,60,1640000,2.7,73,50,100,60,65,poison,,52.5,3,0,normal
337,2,2,1,1,1,1,0.5,0.5,2,2,2,1,0.5,0.5,0.5,1,2,2,55,6400,70,460,45,65,800000,1,90,,95,85,70,rock,psychic,168,3,0,normal
338,2,2,1,1,1,1,0.5,0.5,2,2,2,1,0.5,0.5,0.5,1,2,2,95,6400,70,460,45,85,800000,1.2,90,,55,65,70,rock,psychic,154,3,0,normal
339,1,1,1,0,1,1,0.5,1,1,4,1,1,1,0.5,1,0.5,0.5,1,48,5120,70,288,190,43,1000000,0.4,50,50,46,41,60,water,ground,1.9,3,0,normal
340,1,1,1,0,1,1,0.5,1,1,4,1,1,1,0.5,1,0.5,0.5,1,78,5120,70,468,75,73,1000000,0.9,110,50,76,71,60,water,ground,23.6,3,0,normal
341,1,1,1,2,1,1,0.5,1,1,2,1,0.5,1,1,1,1,0.5,0.5,80,3840,70,308,205,65,1640000,0.6,43,50,50,35,35,water,,11.5,3,0,normal
342,2,0.5,1,2,2,2,0.5,1,0.5,2,1,0.5,1,1,0,1,0.5,0.5,120,3840,70,468,155,85,1640000,1.1,63,50,90,55,55,water,dark,32.8,3,0,normal
343,2,2,1,0,1,0.5,1,1,2,2,1,2,1,0.5,0.5,0.5,1,2,40,5120,70,300,255,55,1000000,0.5,40,,40,70,55,ground,psychic,21.5,3,0,normal
344,2,2,1,0,1,0.5,1,1,2,2,1,2,1,0.5,0.5,0.5,1,2,70,5120,70,500,90,105,1000000,1.5,60,,70,120,75,ground,psychic,108,3,0,normal
345,2,1,1,0.5,1,2,1,1,1,1,1,2,0.5,1,1,1,2,1,41,7680,70,355,45,77,600000,1,66,88.1,61,87,23,rock,grass,23.8,3,0,normal
346,2,1,1,0.5,1,2,1,1,1,1,1,2,0.5,1,1,1,2,1,81,7680,70,495,45,97,600000,1.5,86,88.1,81,107,43,rock,grass,60.4,3,0,normal
347,1,1,1,1,1,1,1,1,1,1,1,1,0.5,0.5,1,2,2,2,95,7680,70,355,45,50,600000,0.7,45,88.1,40,50,75,rock,bug,12.5,3,0,normal
348,1,1,1,1,1,1,1,1,1,1,1,1,0.5,0.5,1,2,2,2,125,7680,70,495,45,100,600000,1.5,75,88.1,70,80,45,rock,bug,68.2,3,0,normal
349,1,1,1,2,1,1,0.5,1,1,2,1,0.5,1,1,1,1,0.5,0.5,15,5120,70,200,255,20,600000,0.6,20,50,10,55,80,water,,7.4,3,0,normal
350,1,1,1,2,1,1,0.5,1,1,2,1,0.5,1,1,1,1,0.5,0.5,60,5120,70,540,60,79,600000,6.2,95,50,100,125,81,water,,162,3,0,normal
351,1,1,1,1,1,2,1,1,0,1,1,1,1,1,1,1,1,1,70,6400,70,420,45,70,1000000,0.3,70,50,70,70,70,normal,,0.8,3,0,normal
352,1,1,1,1,1,2,1,1,0,1,1,1,1,1,1,1,1,1,90,5120,70,440,200,70,1059860,1,60,50,60,120,40,normal,,22,3,0,normal
353,0.5,2,1,1,1,0,1,1,2,1,1,1,0,0.5,1,1,1,1,75,6400,35,295,225,35,800000,0.6,44,50,63,33,45,ghost,,2.3,3,0,normal
354,0.5,2,1,1,1,0,1,1,2,1,1,1,0,0.5,1,1,1,1,165,6400,35,555,45,75,800000,1.1,64,50,93,83,75,ghost,,12.5,3,0,normal
355,0.5,2,1,1,1,0,1,1,2,1,1,1,0,0.5,1,1,1,1,40,6400,35,295,190,90,800000,0.8,20,50,30,90,25,ghost,,15,3,0,normal
356,0.5,2,1,1,1,0,1,1,2,1,1,1,0,0.5,1,1,1,1,70,6400,35,455,90,130,800000,1.6,40,50,60,130,25,ghost,,30.6,3,0,normal
357,1,1,1,1,1,0.5,2,2,1,0.25,0,4,1,2,1,2,1,0.5,68,6400,70,460,200,83,1250000,2,99,50,72,87,51,grass,flying,100,3,0,normal
358,2,2,1,1,1,0.5,1,1,2,1,1,1,1,1,0.5,1,1,1,50,6400,70,455,45,80,800000,0.6,75,50,95,90,65,psychic,,1,3,0,normal
359,2,0.5,1,1,2,2,1,1,0.5,1,1,1,1,1,0,1,1,1,150,6400,35,565,30,60,1059860,1.2,65,50,115,60,115,dark,,47,3,0,normal
360,2,2,1,1,1,0.5,1,1,2,1,1,1,1,1,0.5,1,1,1,23,5120,70,260,125,48,1000000,0.6,95,50,23,48,23,psychic,,14,3,0,normal
361,1,1,1,1,1,2,2,1,1,1,1,0.5,1,1,1,2,2,1,50,5120,70,300,190,50,1000000,0.7,50,50,50,50,50,ice,,16.8,3,0,normal
362,1,1,1,1,1,2,2,1,1,1,1,0.5,1,1,1,2,2,1,120,5120,70,580,75,80,1000000,1.5,80,50,120,80,100,ice,,256.5,3,0,normal
363,1,1,1,2,1,2,1,1,1,2,1,0.25,1,1,1,2,1,0.5,40,5120,70,290,255,50,1059860,0.8,70,50,55,50,25,ice,water,39.5,3,0,normal
364,1,1,1,2,1,2,1,1,1,2,1,0.25,1,1,1,2,1,0.5,60,5120,70,410,120,70,1059860,1.1,90,50,75,70,45,ice,water,87.6,3,0,normal
365,1,1,1,2,1,2,1,1,1,2,1,0.25,1,1,1,2,1,0.5,80,5120,70,530,45,90,1059860,1.4,110,50,95,90,65,ice,water,150.6,3,0,normal
366,1,1,1,2,1,1,0.5,1,1,2,1,0.5,1,1,1,1,0.5,0.5,64,5120,70,345,255,85,600000,0.4,35,50,74,55,32,water,,52.5,3,0,normal
367,1,1,1,2,1,1,0.5,1,1,2,1,0.5,1,1,1,1,0.5,0.5,104,5120,70,485,60,105,600000,1.7,55,50,94,75,52,water,,27,3,0,normal
368,1,1,1,2,1,1,0.5,1,1,2,1,0.5,1,1,1,1,0.5,0.5,84,5120,70,485,60,105,600000,1.8,55,50,114,75,52,water,,22.6,3,0,normal
369,1,1,1,2,1,2,0.25,0.5,1,4,2,0.5,0.5,0.5,1,1,1,1,90,10240,70,485,25,130,1250000,1,100,88.1,45,65,55,water,rock,23.4,3,0,normal
370,1,1,1,2,1,1,0.5,1,1,2,1,0.5,1,1,1,1,0.5,0.5,30,5120,70,330,225,55,800000,0.6,43,24.6,40,65,97,water,,8.7,3,0,normal
371,1,1,2,0.5,2,1,0.5,1,1,0.5,1,2,1,1,1,1,1,0.5,75,10240,35,300,45,60,1250000,0.6,45,50,40,30,50,dragon,,42.1,3,0,normal
372,1,1,2,0.5,2,1,0.5,1,1,0.5,1,2,1,1,1,1,1,0.5,95,10240,35,420,45,100,1250000,1.1,65,50,60,50,50,dragon,,110.5,3,0,normal
373,0.5,1,2,1,2,0.5,0.5,1,1,0.25,0,4,1,1,1,2,1,0.5,145,10240,35,700,45,130,1250000,1.5,95,50,120,90,120,dragon,flying,102.6,3,0,normal
374,1,2,0.5,1,0.5,1,2,0.5,2,0.5,2,0.5,0.5,0,0.25,0.5,0.5,1,55,10240,35,300,3,80,1250000,0.6,40,,35,60,30,steel,psychic,95.2,3,0,normal
375,1,2,0.5,1,0.5,1,2,0.5,2,0.5,2,0.5,0.5,0,0.25,0.5,0.5,1,75,10240,35,420,3,100,1250000,1.2,60,,55,80,50,steel,psychic,202.5,3,0,normal
376,1,2,0.5,1,0.5,1,2,0.5,2,0.5,2,0.5,0.5,0,0.25,0.5,0.5,1,145,10240,35,700,3,150,1250000,1.6,80,,105,110,110,steel,psychic,550,3,0,normal
387,2,1,1,0.5,1,1,2,2,1,0.5,0.5,2,1,2,1,1,1,0.5,68,5120,70,318,45,64,1059860,0.4,55,88.1,45,55,31,grass,,10.2,4,0,normal
388,2,1,1,0.5,1,1,2,2,1,0.5,0.5,2,1,2,1,1,1,0.5,89,5120,70,405,45,85,1059860,1.1,75,88.1,55,65,36,grass,,97,4,0,normal
389,2,1,1,0,1,1,2,2,1,1,0.5,4,1,1,1,0.5,1,1,109,5120,70,525,45,105,1059860,2.2,95,88.1,75,85,56,grass,ground,310,4,0,normal
390,0.5,1,1,1,0.5,1,0.5,1,1,0.5,2,0.5,1,1,1,2,0.5,2,58,5120,70,309,45,44,1059860,0.5,44,88.1,58,44,61,fire,,6.2,4,0,normal
391,0.25,0.5,1,1,1,1,0.5,2,1,0.5,2,0.5,1,1,2,1,0.5,2,78,5120,70,405,45,52,1059860,0.9,64,88.1,78,52,81,fire,fighting,22,4,0,normal
392,0.25,0.5,1,1,1,1,0.5,2,1,0.5,2,0.5,1,1,2,1,0.5,2,104,5120,70,534,45,71,1059860,1.2,76,88.1,104,71,108,fire,fighting,55,4,0,normal
393,1,1,1,2,1,1,0.5,1,1,2,1,0.5,1,1,1,1,0.5,0.5,51,5120,70,314,45,53,1059860,0.4,53,88.1,61,56,40,water,,5.2,4,0,normal
394,1,1,1,2,1,1,0.5,1,1,2,1,0.5,1,1,1,1,0.5,0.5,66,5120,70,405,45,68,1059860,0.8,64,88.1,81,76,50,water,,23,4,0,normal
395,0.5,1,0.5,2,0.5,2,1,0.5,1,1,2,0.25,0.5,0,0.5,0.5,0.25,0.5,86,5120,70,530,45,88,1059860,1.7,84,88.1,111,101,60,water,steel,84.5,4,0,normal
396,0.5,1,1,2,1,1,1,1,0,0.5,0,2,1,1,1,2,1,1,55,3840,70,245,255,30,1059860,0.3,40,50,30,30,60,normal,flying,2,4,0,normal
397,0.5,1,1,2,1,1,1,1,0,0.5,0,2,1,1,1,2,1,1,75,3840,70,340,120,50,1059860,0.6,55,50,40,40,80,normal,flying,15.5,4,0,normal
398,0.5,1,1,2,1,1,1,1,0,0.5,0,2,1,1,1,2,1,1,120,3840,70,485,45,70,1059860,1.2,85,50,50,60,100,normal,flying,24.9,4,0,normal
399,1,1,1,1,1,2,1,1,0,1,1,1,1,1,1,1,1,1,45,3840,70,250,255,40,1000000,0.5,59,50,35,40,31,normal,,20,4,0,normal
400,1,1,1,2,1,2,0.5,1,0,2,1,0.5,1,1,1,1,0.5,0.5,85,3840,70,410,127,60,1000000,1,79,50,55,60,71,normal,water,31.5,4,0,normal
401,1,1,1,1,1,0.5,2,2,1,0.5,0.5,1,1,1,1,2,1,1,25,3840,70,194,255,41,1059860,0.3,37,50,25,41,25,bug,,2.2,4,0,normal
402,1,1,1,1,1,0.5,2,2,1,0.5,0.5,1,1,1,1,2,1,1,85,3840,70,384,45,51,1059860,1,77,50,55,51,65,bug,,25.5,4,0,normal
403,1,1,1,0.5,1,1,1,0.5,1,1,2,1,1,1,1,1,0.5,1,65,5120,70,263,235,34,1059860,0.5,45,50,40,34,45,electric,,9.5,4,0,normal
404,1,1,1,0.5,1,1,1,0.5,1,1,2,1,1,1,1,1,0.5,1,85,5120,100,363,120,49,1059860,0.9,60,50,60,49,60,electric,,30.5,4,0,normal
405,1,1,1,0.5,1,1,1,0.5,1,1,2,1,1,1,1,1,0.5,1,120,5120,70,523,45,79,1059860,1.4,80,50,95,79,70,electric,,42,4,0,normal
406,1,1,1,0.5,0.5,0.5,2,2,1,0.25,1,2,1,1,2,1,1,0.5,30,5120,70,280,255,35,1059860,0.2,40,50,50,70,55,grass,poison,1.2,4,0,normal
407,1,1,1,0.5,0.5,0.5,2,2,1,0.25,1,2,1,1,2,1,1,0.5,70,5120,70,515,75,65,1059860,0.9,60,50,125,105,90,grass,poison,14.5,4,0,normal
408,1,1,1,1,1,2,0.5,0.5,1,2,2,1,0.5,0.5,1,1,2,2,125,7680,70,350,45,40,600000,0.9,67,88.1,30,30,58,rock,,31.5,4,0,normal
409,1,1,1,1,1,2,0.5,0.5,1,2,2,1,0.5,0.5,1,1,2,2,165,7680,70,495,45,60,600000,1.6,97,88.1,65,50,58,rock,,102.5,4,0,normal
410,0.5,1,0.5,1,0.5,4,1,0.25,1,1,4,0.5,0.25,0,0.5,0.5,1,2,42,7680,70,350,45,118,600000,0.5,30,88.1,42,88,30,rock,steel,57,4,0,normal
411,0.5,1,0.5,1,0.5,4,1,0.25,1,1,4,0.5,0.25,0,0.5,0.5,1,2,52,7680,70,495,45,168,600000,1.3,60,88.1,47,138,30,rock,steel,149.5,4,0,normal
412,1,1,1,1,1,0.5,2,2,1,0.5,0.5,1,1,1,1,2,1,1,29,3840,70,224,120,45,1000000,0.2,40,50,29,45,36,bug,,3.4,4,0,normal
413,2,1,1,0.5,1,0.5,4,4,1,0.25,0.25,2,1,2,1,2,1,0.5,69,3840,70,424,45,95,1000000,0.5,60,0,69,95,36,bug,grass,6.5,4,0,normal
414,0.5,1,1,2,1,0.25,2,2,1,0.25,0,2,1,1,1,4,1,1,94,3840,70,424,45,50,1000000,0.9,70,100,94,50,66,bug,flying,23.3,4,0,normal
415,0.5,1,1,2,1,0.25,2,2,1,0.25,0,2,1,1,1,4,1,1,30,3840,70,244,120,42,1059860,0.3,30,88.1,30,42,70,bug,flying,5.5,4,0,normal
416,0.5,1,1,2,1,0.25,2,2,1,0.25,0,2,1,1,1,4,1,1,80,3840,70,474,45,102,1059860,1.2,70,0,80,102,40,bug,flying,38.5,4,0,normal
417,1,1,1,0.5,1,1,1,0.5,1,1,2,1,1,1,1,1,0.5,1,45,2560,100,405,200,70,1000000,0.4,60,50,45,90,95,electric,,3.9,4,0,normal
418,1,1,1,2,1,1,0.5,1,1,2,1,0.5,1,1,1,1,0.5,0.5,65,5120,70,330,190,35,1000000,0.7,55,50,60,30,85,water,,29.5,4,0,normal
419,1,1,1,2,1,1,0.5,1,1,2,1,0.5,1,1,1,1,0.5,0.5,105,5120,70,495,75,55,1000000,1.1,85,50,85,50,115,water,,33.5,4,0,normal
420,2,1,1,0.5,1,1,2,2,1,0.5,0.5,2,1,2,1,1,1,0.5,35,5120,70,275,190,45,1000000,0.4,45,50,62,53,35,grass,,3.3,4,0,normal
421,2,1,1,0.5,1,1,2,2,1,0.5,0.5,2,1,2,1,1,1,0.5,60,5120,70,450,75,70,1000000,0.5,70,50,87,78,85,grass,,9.3,4,0,normal
422,1,1,1,2,1,1,0.5,1,1,2,1,0.5,1,1,1,1,0.5,0.5,48,5120,70,325,190,48,1000000,0.3,76,50,57,62,34,water,,6.3,4,0,normal
423,1,1,1,0,1,1,0.5,1,1,4,1,1,1,0.5,1,0.5,0.5,1,83,5120,70,475,75,68,1000000,0.9,111,50,92,82,39,water,ground,29.9,4,0,normal
424,1,1,1,1,1,2,1,1,0,1,1,1,1,1,1,1,1,1,100,5120,100,482,45,66,800000,1.2,75,50,60,66,115,normal,,20.3,4,0,normal
425,0.25,2,1,2,1,0,1,1,2,0.5,0,2,0,0.5,1,2,1,1,50,7680,70,348,125,34,1640000,0.4,90,50,60,44,70,ghost,flying,1.2,4,0,normal
426,0.25,2,1,2,1,0,1,1,2,0.5,0,2,0,0.5,1,2,1,1,80,7680,70,498,60,44,1640000,1.2,150,50,90,54,80,ghost,flying,15,4,0,normal
427,1,1,1,1,1,2,1,1,0,1,1,1,1,1,1,1,1,1,66,5120,0,350,190,44,1000000,0.4,55,50,44,56,85,normal,,5.5,4,0,normal
428,1,1,1,1,1,2,1,1,0,1,1,1,1,1,1,1,1,1,136,5120,140,580,60,94,1000000,1.2,65,50,54,96,135,normal,,33.3,4,0,normal
429,0.5,2,1,1,1,0,1,1,2,1,1,1,0,0.5,1,1,1,1,60,6400,35,495,45,60,800000,0.9,60,50,105,105,105,ghost,,4.4,4,0,normal
430,1,0.5,1,2,2,1,1,1,0.5,0.5,0,2,1,1,0,2,1,1,125,5120,35,505,30,52,1059860,0.9,100,50,105,52,71,dark,flying,27.3,4,0,normal
431,1,1,1,1,1,2,1,1,0,1,1,1,1,1,1,1,1,1,55,5120,70,310,190,42,800000,0.5,49,24.6,42,37,85,normal,,3.9,4,0,normal
432,1,1,1,1,1,2,1,1,0,1,1,1,1,1,1,1,1,1,82,5120,70,452,75,64,800000,1,71,24.6,64,59,112,normal,,43.8,4,0,normal
433,2,2,1,1,1,0.5,1,1,2,1,1,1,1,1,0.5,1,1,1,30,6400,70,285,120,50,800000,0.2,45,50,65,50,45,psychic,,0.6,4,0,normal
434,1,0.5,1,1,1,1,1,1,0.5,0.5,2,1,1,0.5,0,1,1,1,63,5120,70,329,225,47,1000000,0.4,63,50,41,41,74,poison,dark,19.2,4,0,normal
435,1,0.5,1,1,1,1,1,1,0.5,0.5,2,1,1,0.5,0,1,1,1,93,5120,70,479,60,67,1000000,1,103,50,71,61,84,poison,dark,38,4,0,normal
436,1,2,0.5,1,0.5,1,2,0.5,2,0.5,2,0.5,0.5,0,0.25,0.5,0.5,1,24,5120,70,300,255,86,1000000,0.5,57,,24,86,23,steel,psychic,60.5,4,0,normal
437,1,2,0.5,1,0.5,1,2,0.5,2,0.5,2,0.5,0.5,0,0.25,0.5,0.5,1,89,5120,70,500,90,116,1000000,1.3,67,,79,116,33,steel,psychic,187,4,0,normal
438,1,1,1,1,1,2,0.5,0.5,1,2,2,1,0.5,0.5,1,1,2,2,80,5120,70,290,255,95,1000000,0.5,50,50,10,45,10,rock,,15,4,0,normal
439,1,1,0,1,1,0.25,1,1,2,1,1,1,1,2,0.5,1,2,1,25,6400,70,310,145,45,1000000,0.6,20,50,70,90,60,psychic,fairy,13,4,0,normal
440,1,1,1,1,1,2,1,1,0,1,1,1,1,1,1,1,1,1,5,10240,140,220,130,5,800000,0.6,100,0,15,65,30,normal,,24.4,4,0,normal
441,0.5,1,1,2,1,1,1,1,0,0.5,0,2,1,1,1,2,1,1,65,5120,35,411,30,45,1059860,0.5,76,50,92,42,91,normal,flying,1.9,4,0,normal
442,1,1,1,1,2,0,1,1,1,1,1,1,0,0.5,0,1,1,1,92,7680,70,485,100,108,1000000,1,50,50,92,108,35,ghost,dark,108,4,0,normal
443,1,1,2,0,2,1,0.5,1,1,1,1,4,1,0.5,1,0.5,1,1,70,10240,70,300,45,45,1250000,0.7,58,50,40,45,42,dragon,ground,20.5,4,0,normal
444,1,1,2,0,2,1,0.5,1,1,1,1,4,1,0.5,1,0.5,1,1,90,10240,70,410,45,65,1250000,1.4,68,50,50,55,82,dragon,ground,56,4,0,normal
445,1,1,2,0,2,1,0.5,1,1,1,1,4,1,0.5,1,0.5,1,1,170,10240,70,700,45,115,1250000,1.9,108,50,120,95,92,dragon,ground,95,4,0,normal
446,1,1,1,1,1,2,1,1,0,1,1,1,1,1,1,1,1,1,85,10240,70,390,50,40,1250000,0.6,135,88.1,40,85,5,normal,,105,4,0,normal
447,0.5,0.5,1,1,2,1,1,2,1,1,1,1,1,1,2,0.5,1,1,70,6400,70,285,75,40,1059860,0.7,40,88.1,35,40,60,fighting,,20.2,4,0,normal
448,0.25,0.5,0.5,1,1,2,2,1,1,0.5,2,0.5,0.5,0,1,0.25,0.5,1,145,6400,70,625,45,88,1059860,1.2,70,88.1,140,70,112,fighting,steel,54,4,0,normal
449,1,1,1,0,1,1,1,1,1,2,1,2,1,0.5,1,0.5,1,2,72,7680,70,330,140,78,1250000,0.8,68,50,38,42,32,ground,,49.5,4,0,normal
450,1,1,1,0,1,1,1,1,1,2,1,2,1,0.5,1,0.5,1,2,112,7680,70,525,60,118,1250000,2,108,50,68,72,47,ground,,300,4,0,normal
451,0.5,1,1,1,0.5,0.25,2,2,1,0.25,1,1,1,0.5,2,2,1,1,50,5120,70,330,120,90,1250000,0.8,40,50,30,55,65,poison,bug,12,4,0,normal
452,1,0.5,1,1,1,1,1,1,0.5,0.5,2,1,1,0.5,0,1,1,1,90,5120,70,500,45,110,1250000,1.3,70,50,60,75,95,poison,dark,61.5,4,0,normal
453,0.25,0.5,1,1,1,0.5,1,2,1,0.5,2,1,1,0.5,4,0.5,1,1,61,2560,100,300,140,40,1000000,0.7,48,50,61,40,50,poison,fighting,23,4,0,normal
454,0.25,0.5,1,1,1,0.5,1,2,1,0.5,2,1,1,0.5,4,0.5,1,1,106,5120,70,490,75,65,1000000,1.3,83,50,86,65,85,poison,fighting,44.4,4,0,normal
455,2,1,1,0.5,1,1,2,2,1,0.5,0.5,2,1,2,1,1,1,0.5,100,6400,70,454,200,72,1250000,1.4,74,50,90,72,46,grass,,27,4,0,normal
456,1,1,1,2,1,1,0.5,1,1,2,1,0.5,1,1,1,1,0.5,0.5,49,5120,70,330,190,56,600000,0.4,49,50,49,61,66,water,,7,4,0,normal
457,1,1,1,2,1,1,0.5,1,1,2,1,0.5,1,1,1,1,0.5,0.5,69,5120,70,460,75,76,600000,1.2,69,50,69,86,91,water,,24,4,0,normal
458,0.5,1,1,4,1,0.5,0.5,1,1,1,0,1,1,1,1,2,0.5,0.5,20,6400,70,345,25,50,1250000,1,45,50,60,120,50,water,flying,65,4,0,normal
459,2,1,1,0.5,1,2,4,2,1,0.5,0.5,1,1,2,1,2,2,0.5,62,5120,70,334,120,50,1250000,1,60,50,62,60,40,grass,ice,50.5,4,0,normal
460,2,1,1,0.5,1,2,4,2,1,0.5,0.5,1,1,2,1,2,2,0.5,132,5120,70,594,60,105,1250000,2.2,90,50,132,105,30,grass,ice,135.5,4,0,normal
461,2,0.5,1,1,2,4,2,1,0.5,1,1,0.5,1,1,0,2,2,1,120,5120,35,510,45,65,1059860,1.1,70,50,45,85,125,dark,ice,34,4,0,normal
462,0.5,1,0.5,0.5,0.5,2,2,0.25,1,0.5,4,0.5,0.5,0,0.5,0.5,0.25,1,70,5120,70,535,30,115,1000000,1.2,70,,130,90,60,electric,steel,180,4,0,normal
463,1,1,1,1,1,2,1,1,0,1,1,1,1,1,1,1,1,1,85,5120,70,515,30,95,1000000,1.7,110,50,80,95,50,normal,,140,4,0,normal
464,1,1,1,0,1,2,0.5,0.5,1,4,2,2,0.5,0.25,1,0.5,2,4,140,5120,70,535,30,130,1250000,2.4,115,50,55,55,40,ground,rock,282.8,4,0,normal
465,2,1,1,0.5,1,1,2,2,1,0.5,0.5,2,1,2,1,1,1,0.5,100,5120,70,535,30,125,1000000,2,100,50,110,50,50,grass,,128.6,4,0,normal
466,1,1,1,0.5,1,1,1,0.5,1,1,2,1,1,1,1,1,0.5,1,123,6400,70,540,30,67,1000000,1.8,75,75.4,95,85,95,electric,,138.6,4,0,normal
467,0.5,1,1,1,0.5,1,0.5,1,1,0.5,2,0.5,1,1,1,2,0.5,2,95,6400,70,540,30,67,1000000,1.6,75,75.4,125,95,83,fire,,68,4,0,normal
468,0.25,0.5,0,2,1,0.25,1,1,1,0.5,0,2,1,2,1,2,2,1,50,2560,70,545,30,95,800000,1.5,85,88.1,120,115,80,fairy,flying,38,4,0,normal
469,0.5,1,1,2,1,0.25,2,2,1,0.25,0,2,1,1,1,4,1,1,76,5120,70,515,30,86,1000000,1.9,86,50,116,56,95,bug,flying,51.5,4,0,normal
470,2,1,1,0.5,1,1,2,2,1,0.5,0.5,2,1,2,1,1,1,0.5,110,8960,35,525,45,130,1000000,1,65,88.1,60,65,95,grass,,25.5,4,0,normal
471,1,1,1,1,1,2,2,1,1,1,1,0.5,1,1,1,2,2,1,60,8960,35,525,45,110,1000000,0.8,65,88.1,130,95,65,ice,,25.9,4,0,normal
472,0.5,1,1,0,1,0.5,1,1,1,1,0,4,1,0.5,1,1,1,2,95,5120,70,510,30,125,1059860,2,75,50,45,75,95,ground,flying,42.5,4,0,normal
473,1,1,1,0,1,2,2,1,1,2,1,1,1,0.5,1,1,2,2,130,5120,70,530,50,80,1250000,2.5,110,50,70,60,80,ice,ground,291,4,0,normal
474,1,1,1,1,1,2,1,1,0,1,1,1,1,1,1,1,1,1,80,5120,70,535,30,70,1000000,0.9,85,,135,75,90,normal,,34,4,0,normal
475,1,1,1,1,2,0.5,1,2,2,1,1,1,1,1,1,0.5,1,1,165,5120,35,618,45,95,1250000,1.6,68,100,65,115,110,psychic,fighting,52,4,0,normal
476,0.5,1,0.5,1,0.5,4,1,0.25,1,1,4,0.5,0.25,0,0.5,0.5,1,2,55,5120,70,525,60,145,1000000,1.4,60,50,75,150,40,rock,steel,340,4,0,normal
477,0.5,2,1,1,1,0,1,1,2,1,1,1,0,0.5,1,1,1,1,100,6400,35,525,45,135,800000,2.2,45,50,65,135,45,ghost,,106.6,4,0,normal
478,0.5,2,1,1,1,0,2,1,2,1,1,0.5,0,0.5,1,2,2,1,80,5120,70,480,75,70,1000000,1.3,70,0,80,70,110,ice,ghost,26.6,4,0,normal
479,0.5,2,1,0.5,1,0,1,0.5,2,1,2,1,0,0.5,1,1,0.5,1,65,5120,70,520,45,107,1000000,0.3,50,,105,107,86,electric,ghost,0.3,4,0,normal
489,1,1,1,2,1,1,0.5,1,1,2,1,0.5,1,1,1,1,0.5,0.5,80,10240,70,480,30,80,1250000,0.4,80,,80,80,80,water,,3.1,4,0,normal
495,2,1,1,0.5,1,1,2,2,1,0.5,0.5,2,1,2,1,1,1,0.5,45,5120,70,308,45,55,1059860,0.6,45,88.1,45,55,63,grass,,8.1,5,0,normal
496,2,1,1,0.5,1,1,2,2,1,0.5,0.5,2,1,2,1,1,1,0.5,60,5120,70,413,45,75,1059860,0.8,60,88.1,60,75,83,grass,,16,5,0,normal
497,2,1,1,0.5,1,1,2,2,1,0.5,0.5,2,1,2,1,1,1,0.5,75,5120,70,528,45,95,1059860,3.3,75,88.1,75,95,113,grass,,63,5,0,normal
498,0.5,1,1,1,0.5,1,0.5,1,1,0.5,2,0.5,1,1,1,2,0.5,2,63,5120,70,308,45,45,1059860,0.5,65,88.1,45,45,45,fire,,9.9,5,0,normal
499,0.25,0.5,1,1,1,1,0.5,2,1,0.5,2,0.5,1,1,2,1,0.5,2,93,5120,70,418,45,55,1059860,1,90,88.1,70,55,55,fire,fighting,55.5,5,0,normal
500,0.25,0.5,1,1,1,1,0.5,2,1,0.5,2,0.5,1,1,2,1,0.5,2,123,5120,70,528,45,65,1059860,1.6,110,88.1,100,65,65,fire,fighting,150,5,0,normal
501,1,1,1,2,1,1,0.5,1,1,2,1,0.5,1,1,1,1,0.5,0.5,55,5120,70,308,45,45,1059860,0.5,55,88.1,63,45,45,water,,5.9,5,0,normal
502,1,1,1,2,1,1,0.5,1,1,2,1,0.5,1,1,1,1,0.5,0.5,75,5120,70,413,45,60,1059860,0.8,75,88.1,83,60,60,water,,24.5,5,0,normal
503,1,1,1,2,1,1,0.5,1,1,2,1,0.5,1,1,1,1,0.5,0.5,100,5120,70,528,45,85,1059860,1.5,95,88.1,108,70,70,water,,94.6,5,0,normal
504,1,1,1,1,1,2,1,1,0,1,1,1,1,1,1,1,1,1,55,3840,70,255,255,39,1000000,0.5,45,50,35,39,42,normal,,11.6,5,0,normal
505,1,1,1,1,1,2,1,1,0,1,1,1,1,1,1,1,1,1,85,5120,70,420,255,69,1000000,1.1,60,50,60,69,77,normal,,27,5,0,normal
506,1,1,1,1,1,2,1,1,0,1,1,1,1,1,1,1,1,1,60,3840,70,275,255,45,1059860,0.4,45,50,25,45,55,normal,,4.1,5,0,normal
507,1,1,1,1,1,2,1,1,0,1,1,1,1,1,1,1,1,1,80,3840,70,370,120,65,1059860,0.9,65,50,35,65,60,normal,,14.7,5,0,normal
508,1,1,1,1,1,2,1,1,0,1,1,1,1,1,1,1,1,1,110,3840,70,500,45,90,1059860,1.2,85,50,45,90,80,normal,,61,5,0,normal
509,2,0.5,1,1,2,2,1,1,0.5,1,1,1,1,1,0,1,1,1,50,5120,70,281,255,37,1000000,0.4,41,50,50,37,66,dark,,10.1,5,0,normal
510,2,0.5,1,1,2,2,1,1,0.5,1,1,1,1,1,0,1,1,1,88,5120,70,446,90,50,1000000,1.1,64,50,88,50,106,dark,,37.5,5,0,normal
511,2,1,1,0.5,1,1,2,2,1,0.5,0.5,2,1,2,1,1,1,0.5,53,5120,70,316,190,48,1000000,0.6,50,88.1,53,48,64,grass,,10.5,5,0,normal
512,2,1,1,0.5,1,1,2,2,1,0.5,0.5,2,1,2,1,1,1,0.5,98,5120,70,498,75,63,1000000,1.1,75,88.1,98,63,101,grass,,30.5,5,0,normal
513,0.5,1,1,1,0.5,1,0.5,1,1,0.5,2,0.5,1,1,1,2,0.5,2,53,5120,70,316,190,48,1000000,0.6,50,88.1,53,48,64,fire,,11,5,0,normal
514,0.5,1,1,1,0.5,1,0.5,1,1,0.5,2,0.5,1,1,1,2,0.5,2,98,5120,70,498,75,63,1000000,1,75,88.1,98,63,101,fire,,28,5,0,normal
515,1,1,1,2,1,1,0.5,1,1,2,1,0.5,1,1,1,1,0.5,0.5,53,5120,70,316,190,48,1000000,0.6,50,88.1,53,48,64,water,,13.5,5,0,normal
516,1,1,1,2,1,1,0.5,1,1,2,1,0.5,1,1,1,1,0.5,0.5,98,5120,70,498,75,63,1000000,1,75,88.1,98,63,101,water,,29,5,0,normal
517,2,2,1,1,1,0.5,1,1,2,1,1,1,1,1,0.5,1,1,1,25,2560,70,292,190,45,800000,0.6,76,50,67,55,24,psychic,,23.3,5,0,normal
518,2,2,1,1,1,0.5,1,1,2,1,1,1,1,1,0.5,1,1,1,55,2560,70,487,75,85,800000,1.1,116,50,107,95,29,psychic,,60.5,5,0,normal
519,0.5,1,1,2,1,1,1,1,0,0.5,0,2,1,1,1,2,1,1,55,3840,70,264,255,50,1059860,0.3,50,50,36,30,43,normal,flying,2.1,5,0,normal
520,0.5,1,1,2,1,1,1,1,0,0.5,0,2,1,1,1,2,1,1,77,3840,70,358,120,62,1059860,0.6,62,50,50,42,65,normal,flying,15,5,0,normal
521,0.5,1,1,2,1,1,1,1,0,0.5,0,2,1,1,1,2,1,1,115,3840,70,488,45,80,1059860,1.2,80,50,65,55,93,normal,flying,29,5,0,normal
522,1,1,1,0.5,1,1,1,0.5,1,1,2,1,1,1,1,1,0.5,1,60,5120,70,295,190,32,1000000,0.8,45,50,50,32,76,electric,,29.8,5,0,normal
523,1,1,1,0.5,1,1,1,0.5,1,1,2,1,1,1,1,1,0.5,1,100,5120,70,497,75,63,1000000,1.6,75,50,80,63,116,electric,,79.5,5,0,normal
524,1,1,1,1,1,2,0.5,0.5,1,2,2,1,0.5,0.5,1,1,2,2,75,3840,70,280,255,85,1059860,0.4,55,50,25,25,15,rock,,18,5,0,normal
525,1,1,1,1,1,2,0.5,0.5,1,2,2,1,0.5,0.5,1,1,2,2,105,3840,70,390,120,105,1059860,0.9,70,50,50,40,20,rock,,102,5,0,normal
526,1,1,1,1,1,2,0.5,0.5,1,2,2,1,0.5,0.5,1,1,2,2,135,3840,70,515,45,130,1059860,1.7,85,50,60,80,25,rock,,260,5,0,normal
527,1,2,1,2,1,0.25,1,1,2,0.5,0,2,1,1,0.5,2,1,1,45,3840,70,323,190,43,1000000,0.4,65,50,55,43,72,psychic,flying,2.1,5,0,normal
528,1,2,1,2,1,0.25,1,1,2,0.5,0,2,1,1,0.5,2,1,1,57,3840,70,425,45,55,1000000,0.9,67,50,77,55,114,psychic,flying,10.5,5,0,normal
529,1,1,1,0,1,1,1,1,1,2,1,2,1,0.5,1,0.5,1,2,85,5120,70,328,120,40,1000000,0.3,60,50,30,45,68,ground,,8.5,5,0,normal
530,0.5,1,0.5,0,0.5,2,2,0.5,1,1,2,1,0.5,0,0.5,0.25,0.5,2,135,5120,70,508,60,60,1000000,0.7,110,50,50,65,88,ground,steel,40.4,5,0,normal
531,1,1,1,1,1,2,1,1,0,1,1,1,1,1,1,1,1,1,60,5120,70,545,255,126,800000,1.1,103,50,80,126,50,normal,,31,5,0,normal
532,0.5,0.5,1,1,2,1,1,2,1,1,1,1,1,1,2,0.5,1,1,80,5120,70,305,180,55,1059860,0.6,75,75.4,25,35,35,fighting,,12.5,5,0,normal
533,0.5,0.5,1,1,2,1,1,2,1,1,1,1,1,1,2,0.5,1,1,105,5120,70,405,90,85,1059860,1.2,85,75.4,40,50,40,fighting,,40,5,0,normal
534,0.5,0.5,1,1,2,1,1,2,1,1,1,1,1,1,2,0.5,1,1,140,5120,70,505,45,95,1059860,1.4,105,75.4,55,65,45,fighting,,87,5,0,normal
535,1,1,1,2,1,1,0.5,1,1,2,1,0.5,1,1,1,1,0.5,0.5,50,5120,70,294,255,40,1059860,0.5,50,50,50,40,64,water,,4.5,5,0,normal
536,1,1,1,0,1,1,0.5,1,1,4,1,1,1,0.5,1,0.5,0.5,1,65,5120,70,384,120,55,1059860,0.8,75,50,65,55,69,water,ground,17,5,0,normal
537,1,1,1,0,1,1,0.5,1,1,4,1,1,1,0.5,1,0.5,0.5,1,95,5120,70,509,45,75,1059860,1.5,105,50,85,75,74,water,ground,62,5,0,normal
538,0.5,0.5,1,1,2,1,1,2,1,1,1,1,1,1,2,0.5,1,1,100,5120,70,465,45,85,1000000,1.3,120,100,30,85,45,fighting,,55.5,5,0,normal
539,0.5,0.5,1,1,2,1,1,2,1,1,1,1,1,1,2,0.5,1,1,125,5120,70,465,45,75,1000000,1.4,75,100,30,75,85,fighting,,51,5,0,normal
540,2,1,1,0.5,1,0.5,4,4,1,0.25,0.25,2,1,2,1,2,1,0.5,53,3840,70,310,255,70,1059860,0.3,45,50,40,60,42,bug,grass,2.5,5,0,normal
541,2,1,1,0.5,1,0.5,4,4,1,0.25,0.25,2,1,2,1,2,1,0.5,63,3840,70,380,120,90,1059860,0.5,55,50,50,80,42,bug,grass,7.3,5,0,normal
542,2,1,1,0.5,1,0.5,4,4,1,0.25,0.25,2,1,2,1,2,1,0.5,103,3840,70,500,45,80,1059860,1.2,75,50,70,80,92,bug,grass,20.5,5,0,normal
543,0.5,1,1,1,0.5,0.25,2,2,1,0.25,1,1,1,0.5,2,2,1,1,45,3840,70,260,255,59,1059860,0.4,30,50,30,39,57,bug,poison,5.3,5,0,normal
544,0.5,1,1,1,0.5,0.25,2,2,1,0.25,1,1,1,0.5,2,2,1,1,55,3840,70,360,120,99,1059860,1.2,40,50,40,79,47,bug,poison,58.5,5,0,normal
545,0.5,1,1,1,0.5,0.25,2,2,1,0.25,1,1,1,0.5,2,2,1,1,100,5120,70,485,45,89,1059860,2.5,60,50,55,69,112,bug,poison,200.5,5,0,normal
546,1,0.5,0,0.5,1,0.5,2,2,1,0.5,0.5,2,1,4,1,1,2,0.5,27,5120,70,280,190,60,1000000,0.3,40,50,37,50,66,grass,fairy,0.6,5,0,normal
547,1,0.5,0,0.5,1,0.5,2,2,1,0.5,0.5,2,1,4,1,1,2,0.5,67,5120,70,480,75,85,1000000,0.7,60,50,77,75,116,grass,fairy,6.6,5,0,normal
548,2,1,1,0.5,1,1,2,2,1,0.5,0.5,2,1,2,1,1,1,0.5,35,5120,70,280,190,50,1000000,0.5,45,0,70,50,30,grass,,6.6,5,0,normal
549,2,1,1,0.5,1,1,2,2,1,0.5,0.5,2,1,2,1,1,1,0.5,60,5120,70,480,75,75,1000000,1.1,70,0,110,75,90,grass,,16.3,5,0,normal
550,1,1,1,2,1,1,0.5,1,1,2,1,0.5,1,1,1,1,0.5,0.5,92,10240,70,460,25,65,1000000,1,70,50,80,55,98,water,,18,5,0,normal
551,2,0.5,1,0,2,2,1,1,0.5,2,1,2,1,0.5,0,0.5,1,2,72,5120,70,292,180,35,1059860,0.7,50,50,35,35,65,ground,dark,15.2,5,0,normal
552,2,0.5,1,0,2,2,1,1,0.5,2,1,2,1,0.5,0,0.5,1,2,82,5120,70,351,90,45,1059860,1,60,50,45,45,74,ground,dark,33.4,5,0,normal
553,2,0.5,1,0,2,2,1,1,0.5,2,1,2,1,0.5,0,0.5,1,2,117,5120,70,519,45,80,1059860,1.5,95,50,65,70,92,ground,dark,96.3,5,0,normal
554,0.5,1,1,1,0.5,1,0.5,1,1,0.5,2,0.5,1,1,1,2,0.5,2,90,5120,70,315,120,45,1059860,0.6,70,50,15,45,50,fire,,37.5,5,0,normal
555,0.5,1,1,1,0.5,1,0.5,1,1,0.5,2,0.5,1,1,1,2,0.5,2,30,5120,70,540,60,105,1059860,1.3,105,50,140,105,55,fire,fire,92.9,5,0,normal
556,2,1,1,0.5,1,1,2,2,1,0.5,0.5,2,1,2,1,1,1,0.5,86,5120,70,461,255,67,1000000,1,75,50,106,67,60,grass,,28,5,0,normal
557,1,1,1,1,1,1,1,1,1,1,1,1,0.5,0.5,1,2,2,2,65,5120,70,325,190,85,1000000,0.3,50,50,35,35,55,bug,rock,14.5,5,0,normal
558,1,1,1,1,1,1,1,1,1,1,1,1,0.5,0.5,1,2,2,2,105,5120,70,485,75,125,1000000,1.4,70,50,65,75,45,bug,rock,200,5,0,normal
559,1,0.25,1,1,4,2,1,2,0.5,1,1,1,1,1,0,0.5,1,1,75,3840,35,348,180,70,1000000,0.6,50,50,35,70,48,dark,fighting,11.8,5,0,normal
560,1,0.25,1,1,4,2,1,2,0.5,1,1,1,1,1,0,0.5,1,1,90,3840,70,488,90,115,1000000,1.1,65,50,45,115,58,dark,fighting,30,5,0,normal
561,1,2,1,2,1,0.25,1,1,2,0.5,0,2,1,1,0.5,2,1,1,58,5120,70,490,45,80,1000000,1.4,72,50,103,80,97,psychic,flying,14,5,0,normal
562,0.5,2,1,1,1,0,1,1,2,1,1,1,0,0.5,1,1,1,1,30,6400,70,303,190,85,1000000,0.5,38,50,55,65,30,ghost,,1.5,5,0,normal
563,0.5,2,1,1,1,0,1,1,2,1,1,1,0,0.5,1,1,1,1,50,6400,70,483,90,145,1000000,1.7,58,50,95,105,30,ghost,,76.5,5,0,normal
564,1,1,1,2,1,2,0.25,0.5,1,4,2,0.5,0.5,0.5,1,1,1,1,78,7680,70,355,45,103,1000000,0.7,54,88.1,53,45,22,water,rock,16.5,5,0,normal
565,1,1,1,2,1,2,0.25,0.5,1,4,2,0.5,0.5,0.5,1,1,1,1,108,7680,70,495,45,133,1000000,1.2,74,88.1,83,65,32,water,rock,81,5,0,normal
566,0.5,1,1,2,1,1,0.5,0.5,1,1,0,2,0.5,0.5,1,2,2,2,112,7680,70,401,45,45,1000000,0.5,55,88.1,74,45,70,rock,flying,9.5,5,0,normal
567,0.5,1,1,2,1,1,0.5,0.5,1,1,0,2,0.5,0.5,1,2,2,2,140,7680,70,567,45,65,1000000,1.4,75,88.1,112,65,110,rock,flying,32,5,0,normal
568,0.5,1,1,1,0.5,0.5,1,1,1,0.5,2,1,1,0.5,2,1,1,1,50,5120,70,329,190,62,1000000,0.6,50,50,40,62,65,poison,,31,5,0,normal
569,0.5,1,1,1,0.5,0.5,1,1,1,0.5,2,1,1,0.5,2,1,1,1,95,5120,70,474,60,82,1000000,1.9,80,50,60,82,75,poison,,107.3,5,0,normal
570,2,0.5,1,1,2,2,1,1,0.5,1,1,1,1,1,0,1,1,1,65,6400,70,330,75,40,1059860,0.7,40,88.1,80,40,65,dark,,12.5,5,0,normal
571,2,0.5,1,1,2,2,1,1,0.5,1,1,1,1,1,0,1,1,1,105,5120,70,510,45,60,1059860,1.6,60,88.1,120,60,105,dark,,81.1,5,0,normal
572,1,1,1,1,1,2,1,1,0,1,1,1,1,1,1,1,1,1,50,3840,70,300,255,40,800000,0.4,55,24.6,40,40,75,normal,,5.8,5,0,normal
573,1,1,1,1,1,2,1,1,0,1,1,1,1,1,1,1,1,1,95,3840,70,470,60,60,800000,0.5,75,24.6,65,60,115,normal,,7.5,5,0,normal
574,2,2,1,1,1,0.5,1,1,2,1,1,1,1,1,0.5,1,1,1,30,5120,70,290,200,50,1059860,0.4,45,24.6,55,65,45,psychic,,5.8,5,0,normal
575,2,2,1,1,1,0.5,1,1,2,1,1,1,1,1,0.5,1,1,1,45,5120,70,390,100,70,1059860,0.7,60,24.6,75,85,55,psychic,,18,5,0,normal
576,2,2,1,1,1,0.5,1,1,2,1,1,1,1,1,0.5,1,1,1,55,5120,70,490,50,95,1059860,1.5,70,24.6,95,110,65,psychic,,44,5,0,normal
577,2,2,1,1,1,0.5,1,1,2,1,1,1,1,1,0.5,1,1,1,30,5120,70,290,200,40,1059860,0.3,45,50,105,50,20,psychic,,1,5,0,normal
578,2,2,1,1,1,0.5,1,1,2,1,1,1,1,1,0.5,1,1,1,40,5120,70,370,100,50,1059860,0.6,65,50,125,60,30,psychic,,8,5,0,normal
579,2,2,1,1,1,0.5,1,1,2,1,1,1,1,1,0.5,1,1,1,65,5120,70,490,50,75,1059860,1,110,50,125,85,30,psychic,,20.1,5,0,normal
580,0.5,1,1,4,1,0.5,0.5,1,1,1,0,1,1,1,1,2,0.5,0.5,44,5120,70,305,190,50,1000000,0.5,62,50,44,50,55,water,flying,5.5,5,0,normal
581,0.5,1,1,4,1,0.5,0.5,1,1,1,0,1,1,1,1,2,0.5,0.5,87,5120,70,473,45,63,1000000,1.3,75,50,87,63,98,water,flying,24.2,5,0,normal
582,1,1,1,1,1,2,2,1,1,1,1,0.5,1,1,1,2,2,1,50,5120,70,305,255,50,1250000,0.4,36,50,65,60,44,ice,,5.7,5,0,normal
583,1,1,1,1,1,2,2,1,1,1,1,0.5,1,1,1,2,2,1,65,5120,70,395,120,65,1250000,1.1,51,50,80,75,59,ice,,41,5,0,normal
584,1,1,1,1,1,2,2,1,1,1,1,0.5,1,1,1,2,2,1,95,5120,70,535,45,85,1250000,1.3,71,50,110,95,79,ice,,57.5,5,0,normal
585,2,1,1,0.5,1,2,2,2,0,0.5,0.5,2,1,2,1,1,1,0.5,60,5120,70,335,190,50,1000000,0.6,60,50,40,50,75,normal,grass,19.5,5,0,normal
586,2,1,1,0.5,1,2,2,2,0,0.5,0.5,2,1,2,1,1,1,0.5,100,5120,70,475,75,70,1000000,1.9,80,50,60,70,95,normal,grass,92.5,5,0,normal
587,0.5,1,1,1,1,0.5,1,0.5,1,0.5,0,2,1,1,1,2,0.5,1,75,5120,70,428,200,60,1000000,0.4,55,50,75,60,103,electric,flying,5,5,0,normal
588,1,1,1,1,1,0.5,2,2,1,0.5,0.5,1,1,1,1,2,1,1,75,3840,70,315,200,45,1000000,0.5,50,50,40,45,60,bug,,5.9,5,0,normal
589,0.5,1,0.5,1,0.5,1,4,1,1,0.25,1,0.5,0.5,0,0.5,1,0.5,1,135,3840,70,495,75,105,1000000,1,70,50,60,105,20,bug,steel,33,5,0,normal
590,1,1,1,0.5,0.5,0.5,2,2,1,0.25,1,2,1,1,2,1,1,0.5,55,5120,70,294,190,45,1000000,0.2,69,50,55,55,15,grass,poison,1,5,0,normal
591,1,1,1,0.5,0.5,0.5,2,2,1,0.25,1,2,1,1,2,1,1,0.5,85,5120,70,464,75,70,1000000,0.6,114,50,85,80,30,grass,poison,10.5,5,0,normal
592,0.5,2,1,2,1,0,0.5,1,2,2,1,0.5,0,0.5,1,1,0.5,0.5,40,5120,70,335,190,50,1000000,1.2,55,50,65,85,40,water,ghost,33,5,0,normal
593,0.5,2,1,2,1,0,0.5,1,2,2,1,0.5,0,0.5,1,1,0.5,0.5,60,5120,70,480,60,70,1000000,2.2,100,50,85,105,60,water,ghost,135,5,0,normal
594,1,1,1,2,1,1,0.5,1,1,2,1,0.5,1,1,1,1,0.5,0.5,75,10240,70,470,75,80,800000,1.2,165,50,40,45,65,water,,31.6,5,0,normal
595,1,1,1,0.5,1,0.5,2,1,1,0.5,1,1,1,1,1,2,0.5,1,47,5120,70,319,190,50,1000000,0.1,50,50,57,50,65,bug,electric,0.6,5,0,normal
596,1,1,1,0.5,1,0.5,2,1,1,0.5,1,1,1,1,1,2,0.5,1,77,5120,70,472,75,60,1000000,0.8,70,50,97,60,108,bug,electric,14.3,5,0,normal
597,1,1,0.5,0.5,0.5,2,4,1,1,0.25,1,1,0.5,0,0.5,0.5,0.5,0.5,50,5120,70,305,255,91,1000000,0.6,44,50,24,86,10,grass,steel,18.8,5,0,normal
598,1,1,0.5,0.5,0.5,2,4,1,1,0.25,1,1,0.5,0,0.5,0.5,0.5,0.5,94,5120,70,489,90,131,1000000,1,74,50,54,116,20,grass,steel,110,5,0,normal
599,0.5,1,0.5,1,0.5,2,2,0.5,1,0.5,2,0.5,0.5,0,0.5,0.5,0.5,1,55,5120,70,300,130,70,1059860,0.3,40,,45,60,30,steel,,21,5,0,normal
600,0.5,1,0.5,1,0.5,2,2,0.5,1,0.5,2,0.5,0.5,0,0.5,0.5,0.5,1,80,5120,70,440,60,95,1059860,0.6,60,,70,85,50,steel,,51,5,0,normal
601,0.5,1,0.5,1,0.5,2,2,0.5,1,0.5,2,0.5,0.5,0,0.5,0.5,0.5,1,100,5120,70,520,30,115,1059860,0.6,60,,70,85,90,steel,,81,5,0,normal
602,1,1,1,0.5,1,1,1,0.5,1,1,2,1,1,1,1,1,0.5,1,55,5120,70,275,190,40,1250000,0.2,35,50,45,40,60,electric,,0.3,5,0,normal
603,1,1,1,0.5,1,1,1,0.5,1,1,2,1,1,1,1,1,0.5,1,85,5120,70,405,60,70,1250000,1.2,65,50,75,70,40,electric,,22,5,0,normal
604,1,1,1,0.5,1,1,1,0.5,1,1,2,1,1,1,1,1,0.5,1,115,5120,70,515,30,80,1250000,2.1,85,50,105,80,50,electric,,80.5,5,0,normal
605,2,2,1,1,1,0.5,1,1,2,1,1,1,1,1,0.5,1,1,1,55,5120,70,335,255,55,1000000,0.5,55,50,85,55,30,psychic,,9,5,0,normal
606,2,2,1,1,1,0.5,1,1,2,1,1,1,1,1,0.5,1,1,1,75,5120,70,485,90,75,1000000,1,75,50,125,95,40,psychic,,34.5,5,0,normal
607,0.25,2,1,1,0.5,0,0.5,1,2,0.5,2,0.5,0,0.5,1,2,0.5,2,30,5120,70,275,190,55,1059860,0.3,50,50,65,55,20,ghost,fire,3.1,5,0,normal
608,0.25,2,1,1,0.5,0,0.5,1,2,0.5,2,0.5,0,0.5,1,2,0.5,2,40,5120,70,370,90,60,1059860,0.6,60,50,95,60,55,ghost,fire,13,5,0,normal
609,0.25,2,1,1,0.5,0,0.5,1,2,0.5,2,0.5,0,0.5,1,2,0.5,2,55,5120,70,520,45,90,1059860,1,60,50,145,90,80,ghost,fire,34.3,5,0,normal
610,1,1,2,0.5,2,1,0.5,1,1,0.5,1,2,1,1,1,1,1,0.5,87,10240,35,320,75,60,1250000,0.6,46,50,30,40,57,dragon,,18,5,0,normal
611,1,1,2,0.5,2,1,0.5,1,1,0.5,1,2,1,1,1,1,1,0.5,117,10240,35,410,60,70,1250000,1,66,50,40,50,67,dragon,,36,5,0,normal
612,1,1,2,0.5,2,1,0.5,1,1,0.5,1,2,1,1,1,1,1,0.5,147,10240,35,540,45,90,1250000,1.8,76,50,60,70,97,dragon,,105.5,5,0,normal
613,1,1,1,1,1,2,2,1,1,1,1,0.5,1,1,1,2,2,1,70,5120,70,305,120,40,1000000,0.5,55,50,60,40,40,ice,,8.5,5,0,normal
614,1,1,1,1,1,2,2,1,1,1,1,0.5,1,1,1,2,2,1,130,5120,70,505,60,80,1000000,2.6,95,50,70,80,50,ice,,260,5,0,normal
615,1,1,1,1,1,2,2,1,1,1,1,0.5,1,1,1,2,2,1,50,6400,70,515,25,50,1000000,1.1,80,,95,135,105,ice,,148,5,0,normal
616,1,1,1,1,1,0.5,2,2,1,0.5,0.5,1,1,1,1,2,1,1,40,3840,70,305,200,85,1000000,0.4,50,50,40,65,25,bug,,7.7,5,0,normal
617,1,1,1,1,1,0.5,2,2,1,0.5,0.5,1,1,1,1,2,1,1,70,3840,70,495,75,40,1000000,0.8,80,50,100,60,145,bug,,25.3,5,0,normal
618,1,1,1,0,1,1,1,0.5,1,2,2,2,1,0.5,1,0.5,0.5,2,66,5120,70,471,75,84,1000000,0.7,109,50,81,99,32,ground,electric,11,5,0,normal
619,0.5,0.5,1,1,2,1,1,2,1,1,1,1,1,1,2,0.5,1,1,85,6400,70,350,180,50,1059860,0.9,45,50,55,50,65,fighting,,20,5,0,normal
620,0.5,0.5,1,1,2,1,1,2,1,1,1,1,1,1,2,0.5,1,1,125,6400,70,510,45,60,1059860,1.4,65,50,95,60,105,fighting,,35.5,5,0,normal
621,1,1,2,0.5,2,1,0.5,1,1,0.5,1,2,1,1,1,1,1,0.5,120,7680,70,485,45,90,1000000,1.6,77,50,60,90,48,dragon,,139,5,0,normal
622,0.5,2,1,0,1,0,1,1,2,2,1,2,0,0.25,1,0.5,1,2,74,6400,70,303,190,50,1000000,1,59,,35,50,35,ground,ghost,92,5,0,normal
623,0.5,2,1,0,1,0,1,1,2,2,1,2,0,0.25,1,0.5,1,2,124,6400,70,483,90,80,1000000,2.8,89,,55,80,55,ground,ghost,330,5,0,normal
624,1,0.5,0.5,1,1,4,2,0.5,0.5,0.5,2,0.5,0.5,0,0,0.5,0.5,1,85,5120,35,340,120,70,1000000,0.5,45,50,40,40,60,dark,steel,10.2,5,0,normal
625,1,0.5,0.5,1,1,4,2,0.5,0.5,0.5,2,0.5,0.5,0,0,0.5,0.5,1,125,5120,35,490,45,100,1000000,1.6,65,50,60,70,70,dark,steel,70,5,0,normal
626,1,1,1,1,1,2,1,1,0,1,1,1,1,1,1,1,1,1,110,5120,70,490,45,95,1000000,1.6,95,50,40,95,55,normal,,94.6,5,0,normal
627,0.5,1,1,2,1,1,1,1,0,0.5,0,2,1,1,1,2,1,1,83,5120,70,350,190,50,1250000,0.5,70,100,37,50,60,normal,flying,10.5,5,0,normal
628,0.5,1,1,2,1,1,1,1,0,0.5,0,2,1,1,1,2,1,1,123,5120,70,510,60,75,1250000,1.5,100,100,57,75,80,normal,flying,41,5,0,normal
629,1,0.5,1,2,2,1,1,1,0.5,0.5,0,2,1,1,0,2,1,1,55,5120,35,370,190,75,1250000,0.5,70,0,45,65,60,dark,flying,9,5,0,normal
630,1,0.5,1,2,2,1,1,1,0.5,0.5,0,2,1,1,0,2,1,1,65,5120,35,510,60,105,1250000,1.2,110,0,55,95,80,dark,flying,39.5,5,0,normal
631,0.5,1,1,1,0.5,1,0.5,1,1,0.5,2,0.5,1,1,1,2,0.5,2,97,5120,70,484,90,66,1000000,1.4,85,50,105,66,65,fire,,58,5,0,normal
632,0.5,1,0.5,1,0.5,1,4,1,1,0.25,1,0.5,0.5,0,0.5,1,0.5,1,109,5120,70,484,90,112,1000000,0.3,58,50,48,48,109,bug,steel,33,5,0,normal
633,2,0.5,2,0.5,4,2,0.5,1,0.5,0.5,1,2,1,1,0,1,1,0.5,65,10240,35,300,45,50,1250000,0.8,52,50,45,50,38,dark,dragon,17.3,5,0,normal
634,2,0.5,2,0.5,4,2,0.5,1,0.5,0.5,1,2,1,1,0,1,1,0.5,85,10240,35,420,45,70,1250000,1.4,72,50,65,70,58,dark,dragon,50,5,0,normal
635,2,0.5,2,0.5,4,2,0.5,1,0.5,0.5,1,2,1,1,0,1,1,0.5,105,10240,35,600,45,90,1250000,1.8,92,50,125,90,98,dark,dragon,160,5,0,normal
636,0.5,1,1,1,0.5,0.5,1,2,1,0.25,1,0.5,1,1,1,4,0.5,2,85,10240,70,360,45,55,1250000,1.1,55,50,50,55,60,bug,fire,28.8,5,0,normal
637,0.5,1,1,1,0.5,0.5,1,2,1,0.25,1,0.5,1,1,1,4,0.5,2,60,10240,70,550,15,65,1250000,1.6,85,50,135,105,100,bug,fire,46,5,0,normal
650,2,1,1,0.5,1,1,2,2,1,0.5,0.5,2,1,2,1,1,1,0.5,61,5120,70,313,45,65,1059860,0.4,56,88.1,48,45,38,grass,,9,6,0,normal
651,2,1,1,0.5,1,1,2,2,1,0.5,0.5,2,1,2,1,1,1,0.5,78,5120,70,405,45,95,1059860,0.7,61,88.1,56,58,57,grass,,29,6,0,normal
652,1,0.5,1,0.5,2,1,2,4,1,0.5,0.5,2,1,2,2,0.5,1,0.5,107,5120,70,530,45,122,1059860,1.6,88,88.1,74,75,64,grass,fighting,90,6,0,normal
653,0.5,1,1,1,0.5,1,0.5,1,1,0.5,2,0.5,1,1,1,2,0.5,2,45,5120,70,307,45,40,1059860,0.4,40,88.1,62,60,60,fire,,9.4,6,0,normal
654,0.5,1,1,1,0.5,1,0.5,1,1,0.5,2,0.5,1,1,1,2,0.5,2,59,5120,70,409,45,58,1059860,1,59,88.1,90,70,73,fire,,14.5,6,0,normal
655,1,2,1,1,0.5,0.5,0.5,1,2,0.5,2,0.5,1,1,0.5,2,0.5,2,69,5120,70,534,45,72,1059860,1.5,75,88.1,114,100,104,fire,psychic,39,6,0,normal
656,1,1,1,2,1,1,0.5,1,1,2,1,0.5,1,1,1,1,0.5,0.5,56,5120,70,314,45,40,1059860,0.3,41,88.1,62,44,71,water,,7,6,0,normal
657,1,1,1,2,1,1,0.5,1,1,2,1,0.5,1,1,1,1,0.5,0.5,63,5120,70,405,45,52,1059860,0.6,54,88.1,83,56,97,water,,10.9,6,0,normal
658,2,0.5,1,2,2,2,0.5,1,0.5,2,1,0.5,1,1,0,1,0.5,0.5,145,5120,70,640,45,67,1059860,1.5,72,88.1,153,71,132,water,dark,40,6,0,normal
659,1,1,1,1,1,2,1,1,0,1,1,1,1,1,1,1,1,1,36,3840,70,237,255,38,1000000,0.4,38,50,32,36,57,normal,,5,6,0,normal
660,1,1,1,0,1,2,1,1,0,2,1,2,1,0.5,1,0.5,1,2,56,3840,70,423,127,77,1000000,1,85,50,50,77,78,normal,ground,42.4,6,0,normal
661,0.5,1,1,2,1,1,1,1,0,0.5,0,2,1,1,1,2,1,1,50,3840,70,278,255,43,1059860,0.3,45,50,40,38,62,normal,flying,1.7,6,0,normal
662,0.25,1,1,2,0.5,0.5,0.5,1,1,0.25,0,1,1,1,1,4,0.5,2,73,3840,70,382,120,55,1059860,0.7,62,50,56,52,84,fire,flying,16,6,0,normal
663,0.25,1,1,2,0.5,0.5,0.5,1,1,0.25,0,1,1,1,1,4,0.5,2,81,3840,70,499,45,71,1059860,1.2,78,50,74,69,126,fire,flying,24.5,6,0,normal
664,1,1,1,1,1,0.5,2,2,1,0.5,0.5,1,1,1,1,2,1,1,35,3840,70,200,255,40,1000000,0.3,38,50,27,25,35,bug,,2.5,6,0,normal
665,1,1,1,1,1,0.5,2,2,1,0.5,0.5,1,1,1,1,2,1,1,22,3840,70,213,120,60,1000000,0.3,45,50,27,30,29,bug,,8.4,6,0,normal
666,0.5,1,1,2,1,0.25,2,2,1,0.25,0,2,1,1,1,4,1,1,52,3840,70,411,45,50,1000000,1.2,80,50,90,50,89,bug,flying,17,6,0,normal
667,0.5,1,1,1,0.5,2,0.5,1,0,0.5,2,0.5,1,1,1,2,0.5,2,50,5120,70,369,220,58,1059860,0.6,62,11.2,73,54,72,fire,normal,13.5,6,0,normal
668,0.5,1,1,1,0.5,2,0.5,1,0,0.5,2,0.5,1,1,1,2,0.5,2,68,5120,70,507,65,72,1059860,1.5,86,11.2,109,66,106,fire,normal,81.5,6,0,normal
669,0.5,0.5,0,1,1,0.5,1,1,1,1,1,1,1,2,1,1,2,1,38,5120,70,303,225,39,1000000,0.1,44,0,61,79,42,fairy,,0.1,6,0,normal
670,0.5,0.5,0,1,1,0.5,1,1,1,1,1,1,1,2,1,1,2,1,65,5120,70,551,120,67,1000000,0.2,74,0,125,128,92,fairy,,0.9,6,0,normal
671,0.5,0.5,0,1,1,0.5,1,1,1,1,1,1,1,2,1,1,2,1,65,5120,70,552,45,68,1000000,1.1,78,0,112,154,75,fairy,,10,6,0,normal
672,2,1,1,0.5,1,1,2,2,1,0.5,0.5,2,1,2,1,1,1,0.5,65,5120,70,350,200,48,1000000,0.9,66,50,62,57,52,grass,,31,6,0,normal
673,2,1,1,0.5,1,1,2,2,1,0.5,0.5,2,1,2,1,1,1,0.5,100,5120,70,531,45,62,1000000,1.7,123,50,97,81,68,grass,,91,6,0,normal
674,0.5,0.5,1,1,2,1,1,2,1,1,1,1,1,1,2,0.5,1,1,82,6400,70,348,220,62,1000000,0.6,67,50,46,48,43,fighting,,8,6,0,normal
675,1,0.25,1,1,4,2,1,2,0.5,1,1,1,1,1,0,0.5,1,1,124,6400,70,495,65,78,1000000,2.1,95,50,69,71,58,fighting,dark,136,6,0,normal
676,1,1,1,1,1,2,1,1,0,1,1,1,1,1,1,1,1,1,80,5120,70,472,160,60,1000000,1.2,75,50,65,90,102,normal,,28,6,0,normal
677,2,2,1,1,1,0.5,1,1,2,1,1,1,1,1,0.5,1,1,1,48,5120,70,355,190,54,1000000,0.3,62,50,63,60,68,psychic,,3.5,6,0,normal
678,2,2,1,1,1,0.5,1,1,2,1,1,1,1,1,0.5,1,1,1,48,5120,70,466,75,76,1000000,0.6,74,50,83,81,104,psychic,,8.5,6,0,normal
679,0.25,2,0.5,1,0.5,0,2,0.5,2,0.5,2,0.5,0,0,0.5,0.5,0.5,1,80,5120,70,325,180,100,1000000,0.8,45,50,35,37,28,steel,ghost,2,6,0,normal
680,0.25,2,0.5,1,0.5,0,2,0.5,2,0.5,2,0.5,0,0,0.5,0.5,0.5,1,110,5120,70,448,90,150,1000000,0.8,59,50,45,49,35,steel,ghost,4.5,6,0,normal
681,0.25,2,0.5,1,0.5,0,2,0.5,2,0.5,2,0.5,0,0,0.5,0.5,0.5,1,150,5120,70,520,45,50,1000000,1.7,60,50,150,50,60,steel,ghost,53,6,0,normal
682,0.5,0.5,0,1,1,0.5,1,1,1,1,1,1,1,2,1,1,2,1,52,5120,70,341,200,60,1000000,0.2,78,50,63,65,23,fairy,,0.5,6,0,normal
683,0.5,0.5,0,1,1,0.5,1,1,1,1,1,1,1,2,1,1,2,1,72,5120,70,462,140,72,1000000,0.8,101,50,99,89,29,fairy,,15.5,6,0,normal
684,0.5,0.5,0,1,1,0.5,1,1,1,1,1,1,1,2,1,1,2,1,48,5120,70,341,200,66,1000000,0.4,62,50,59,57,49,fairy,,3.5,6,0,normal
685,0.5,0.5,0,1,1,0.5,1,1,1,1,1,1,1,2,1,1,2,1,80,5120,70,480,140,86,1000000,0.8,82,50,85,75,72,fairy,,5,6,0,normal
686,4,1,1,1,2,1,1,1,1,1,1,1,1,1,0,1,1,1,54,5120,70,288,190,53,1000000,0.4,53,50,37,46,45,dark,psychic,3.5,6,0,normal
687,4,1,1,1,2,1,1,1,1,1,1,1,1,1,0,1,1,1,92,5120,70,482,80,88,1000000,1.5,86,50,68,75,73,dark,psychic,47,6,0,normal
688,1,1,1,2,1,2,0.25,0.5,1,4,2,0.5,0.5,0.5,1,1,1,1,52,5120,70,306,120,67,1000000,0.5,42,50,39,56,50,rock,water,31,6,0,normal
689,1,1,1,2,1,2,0.25,0.5,1,4,2,0.5,0.5,0.5,1,1,1,1,105,5120,70,500,45,115,1000000,1.3,72,50,54,86,68,rock,water,96,6,0,normal
690,0.5,1,1,2,0.5,0.5,0.5,1,1,1,2,0.5,1,0.5,2,1,0.5,0.5,60,5120,70,320,225,60,1000000,0.5,50,50,60,60,30,poison,water,7.3,6,0,normal
691,0.5,1,2,0.5,1,0.5,0.5,1,1,0.25,2,2,1,0.5,2,1,1,0.5,75,5120,70,494,55,90,1000000,1.8,65,50,97,123,44,poison,dragon,81.5,6,0,normal
692,1,1,1,2,1,1,0.5,1,1,2,1,0.5,1,1,1,1,0.5,0.5,53,3840,70,330,225,62,1250000,0.5,50,50,58,63,44,water,,8.3,6,0,normal
693,1,1,1,2,1,1,0.5,1,1,2,1,0.5,1,1,1,1,0.5,0.5,73,3840,70,500,55,88,1250000,1.3,71,50,120,89,59,water,,35.3,6,0,normal
694,1,1,1,0.5,1,2,1,0.5,0,1,2,1,1,1,1,1,0.5,1,38,5120,70,289,190,33,1000000,0.5,44,50,61,43,70,electric,normal,6,6,0,normal
695,1,1,1,0.5,1,2,1,0.5,0,1,2,1,1,1,1,1,0.5,1,55,5120,70,481,75,52,1000000,1,62,50,109,94,109,electric,normal,21,6,0,normal
696,1,1,2,0.5,2,2,0.25,0.5,1,1,2,2,0.5,0.5,1,1,2,1,89,7680,70,362,45,77,1000000,0.8,58,88.1,45,45,48,rock,dragon,26,6,0,normal
697,1,1,2,0.5,2,2,0.25,0.5,1,1,2,2,0.5,0.5,1,1,2,1,121,7680,70,521,45,119,1000000,2.5,82,88.1,69,59,71,rock,dragon,270,6,0,normal
698,1,1,1,1,1,4,1,0.5,1,2,2,0.5,0.5,0.5,1,2,4,2,59,7680,70,362,45,50,1000000,1.3,77,88.1,67,63,46,rock,ice,25.2,6,0,normal
699,1,1,1,1,1,4,1,0.5,1,2,2,0.5,0.5,0.5,1,2,4,2,77,7680,70,521,45,72,1000000,2.7,123,88.1,99,92,58,rock,ice,225,6,0,normal
700,0.5,0.5,0,1,1,0.5,1,1,1,1,1,1,1,2,1,1,2,1,65,8960,70,525,45,65,1000000,1,95,88.1,110,130,60,fairy,,23.5,6,0,normal
701,0.25,0.5,1,2,2,0.5,1,2,1,0.5,0,2,1,1,2,1,1,1,92,5120,70,500,100,75,1000000,0.8,78,50,74,63,118,fighting,flying,21.5,6,0,normal
702,0.5,0.5,0,0.5,1,0.5,1,0.5,1,1,2,1,1,2,1,1,1,1,58,5120,70,431,180,57,1000000,0.2,67,50,81,67,101,electric,fairy,2.2,6,0,normal
703,0.5,0.5,0,1,1,1,0.5,0.5,1,2,2,1,0.5,1,1,1,4,2,50,6400,70,500,60,150,1250000,0.3,50,,50,150,50,rock,fairy,5.7,6,0,normal
704,1,1,2,0.5,2,1,0.5,1,1,0.5,1,2,1,1,1,1,1,0.5,50,10240,35,300,45,35,1250000,0.3,45,50,55,75,40,dragon,,2.8,6,0,normal
705,1,1,2,0.5,2,1,0.5,1,1,0.5,1,2,1,1,1,1,1,0.5,75,10240,35,452,45,53,1250000,0.8,68,50,83,113,60,dragon,,17.5,6,0,normal
706,1,1,2,0.5,2,1,0.5,1,1,0.5,1,2,1,1,1,1,1,0.5,100,10240,35,600,45,70,1250000,2,90,50,110,150,80,dragon,,150.5,6,0,normal
707,0.25,0.5,0,1,0.5,1,2,0.5,1,0.5,2,0.5,0.5,0,0.5,0.5,1,1,80,5120,70,470,75,91,800000,0.2,57,50,80,87,75,steel,fairy,3,6,0,normal
708,1,2,1,0.5,1,0,2,2,2,0.5,0.5,2,0,1,1,1,1,0.5,70,5120,70,309,120,48,1000000,0.4,43,50,50,60,38,ghost,grass,7,6,0,normal
709,1,2,1,0.5,1,0,2,2,2,0.5,0.5,2,0,1,1,1,1,0.5,110,5120,70,474,60,76,1000000,1.5,85,50,65,82,56,ghost,grass,71,6,0,normal
710,1,2,1,0.5,1,0,2,2,2,0.5,0.5,2,0,1,1,1,1,0.5,66,5120,70,335,120,70,1000000,0.8,59,50,44,55,41,ghost,grass,15,6,0,normal
711,1,2,1,0.5,1,0,2,2,2,0.5,0.5,2,0,1,1,1,1,0.5,100,5120,70,494,60,122,1000000,1.7,85,50,58,75,54,ghost,grass,39,6,0,normal
712,1,1,1,1,1,2,2,1,1,1,1,0.5,1,1,1,2,2,1,69,5120,70,304,190,85,1000000,1,55,50,32,35,28,ice,,99.5,6,0,normal
713,1,1,1,1,1,2,2,1,1,1,1,0.5,1,1,1,2,2,1,117,5120,70,514,55,184,1000000,2,95,50,44,46,28,ice,,505,6,0,normal
714,0.5,1,2,1,2,0.5,0.5,1,1,0.25,0,4,1,1,1,2,1,0.5,30,5120,70,245,190,35,1000000,0.5,40,50,45,40,55,flying,dragon,8,6,0,normal
715,0.5,1,2,1,2,0.5,0.5,1,1,0.25,0,4,1,1,1,2,1,0.5,70,5120,70,535,45,80,1000000,1.5,85,50,97,80,123,flying,dragon,85,6,0,normal
722,1,1,1,1,1,0.5,2,2,1,0.25,0,4,1,2,1,2,1,0.5,55,3840,70,320,45,55,1059860,0.3,68,88.1,50,50,42,grass,flying,1.5,7,0,normal
723,1,1,1,1,1,0.5,2,2,1,0.25,0,4,1,2,1,2,1,0.5,75,3840,70,420,45,75,1059860,0.7,78,88.1,70,70,52,grass,flying,16,7,0,normal
724,1,2,1,0.5,1,0,2,2,2,0.5,0.5,2,0,1,1,1,1,0.5,107,3840,70,530,45,75,1059860,1.6,78,88.1,100,100,70,grass,ghost,36.6,7,0,normal
725,0.5,1,1,1,0.5,1,0.5,1,1,0.5,2,0.5,1,1,1,2,0.5,2,65,3840,70,320,45,40,1059860,0.4,45,88.1,60,40,70,fire,,4.3,7,0,normal
726,0.5,1,1,1,0.5,1,0.5,1,1,0.5,2,0.5,1,1,1,2,0.5,2,85,3840,70,420,45,50,1059860,0.7,65,88.1,80,50,90,fire,,25,7,0,normal
727,1,0.5,1,1,1,2,0.5,1,0.5,0.5,2,0.5,1,1,0,2,0.5,2,115,3840,70,530,45,90,1059860,1.8,95,88.1,80,90,60,fire,dark,83,7,0,normal
728,1,1,1,2,1,1,0.5,1,1,2,1,0.5,1,1,1,1,0.5,0.5,54,3840,70,320,45,54,1059860,0.4,50,88.1,66,56,40,water,,7.5,7,0,normal
729,1,1,1,2,1,1,0.5,1,1,2,1,0.5,1,1,1,1,0.5,0.5,69,3840,70,420,45,69,1059860,0.6,60,88.1,91,81,50,water,,17.5,7,0,normal
730,0.5,0.5,0,2,1,0.5,0.5,1,1,2,1,0.5,1,2,1,1,1,0.5,74,3840,70,530,45,74,1059860,1.8,80,88.1,126,116,60,water,fairy,44,7,0,normal
731,0.5,1,1,2,1,1,1,1,0,0.5,0,2,1,1,1,2,1,1,75,3840,70,265,255,30,1000000,0.3,35,50,30,30,65,normal,flying,1.2,7,0,normal
732,0.5,1,1,2,1,1,1,1,0,0.5,0,2,1,1,1,2,1,1,85,3840,70,355,120,50,1000000,0.6,55,50,40,50,75,normal,flying,14.8,7,0,normal
733,0.5,1,1,2,1,1,1,1,0,0.5,0,2,1,1,1,2,1,1,120,3840,70,485,45,75,1000000,1.1,80,50,75,75,60,normal,flying,26,7,0,normal
734,1,1,1,1,1,2,1,1,0,1,1,1,1,1,1,1,1,1,70,3840,70,253,255,30,1000000,0.4,48,50,30,30,45,normal,,6,7,0,normal
735,1,1,1,1,1,2,1,1,0,1,1,1,1,1,1,1,1,1,110,3840,70,418,127,60,1000000,0.7,88,50,55,60,45,normal,,14.2,7,0,normal
736,1,1,1,1,1,0.5,2,2,1,0.5,0.5,1,1,1,1,2,1,1,62,3840,70,300,255,45,1000000,0.4,47,50,55,45,46,bug,,4.4,7,0,normal
737,1,1,1,0.5,1,0.5,2,1,1,0.5,1,1,1,1,1,2,0.5,1,82,3840,70,400,120,95,1000000,0.5,57,50,55,75,36,bug,electric,10.5,7,0,normal
738,1,1,1,0.5,1,0.5,2,1,1,0.5,1,1,1,1,1,2,0.5,1,70,3840,70,500,45,90,1000000,1.5,77,50,145,75,43,bug,electric,45,7,0,normal
739,0.5,0.5,1,1,2,1,1,2,1,1,1,1,1,1,2,0.5,1,1,82,5120,70,338,225,57,1000000,0.6,47,50,42,47,63,fighting,,7,7,0,normal
740,0.5,0.5,1,1,2,2,2,2,1,1,1,0.5,1,1,2,1,2,1,132,5120,70,478,60,77,1000000,1.7,97,50,62,67,43,fighting,ice,180,7,0,normal
741,0.25,1,1,2,0.5,0.5,0.5,1,1,0.25,0,1,1,1,1,4,0.5,2,70,5120,70,476,45,70,1000000,0.6,75,24.6,98,70,93,fire,flying,3.4,7,0,normal
742,0.5,0.5,0,1,1,0.25,2,2,1,0.5,0.5,1,1,2,1,2,2,1,45,5120,70,304,190,40,1000000,0.1,40,50,55,40,84,bug,fairy,0.2,7,0,normal
743,0.5,0.5,0,1,1,0.25,2,2,1,0.5,0.5,1,1,2,1,2,2,1,55,5120,70,464,75,60,1000000,0.2,60,50,95,70,124,bug,fairy,0.5,7,0,normal
744,1,1,1,1,1,2,0.5,0.5,1,2,2,1,0.5,0.5,1,1,2,2,65,3840,70,280,190,40,1000000,0.5,45,50,30,40,60,rock,,9.2,7,0,normal
745,1,1,1,1,1,2,0.5,0.5,1,2,2,1,0.5,0.5,1,1,2,2,115,3840,70,487,90,75,1000000,,85,50,55,75,82,rock,,,7,0,normal
746,1,1,1,2,1,1,0.5,1,1,2,1,0.5,1,1,1,1,0.5,0.5,140,3840,70,620,60,130,800000,0.2,45,50,140,135,30,water,,0.3,7,0,normal
747,0.5,1,1,2,0.5,0.5,0.5,1,1,1,2,0.5,1,0.5,2,1,0.5,0.5,53,5120,70,305,190,62,1000000,0.4,50,50,43,52,45,poison,water,8,7,0,normal
748,0.5,1,1,2,0.5,0.5,0.5,1,1,1,2,0.5,1,0.5,2,1,0.5,0.5,63,5120,70,495,75,152,1000000,0.7,50,50,53,142,35,poison,water,14.5,7,0,normal
749,1,1,1,0,1,1,1,1,1,2,1,2,1,0.5,1,0.5,1,2,100,5120,70,385,190,70,1000000,1,70,50,45,55,45,ground,,110,7,0,normal
750,1,1,1,0,1,1,1,1,1,2,1,2,1,0.5,1,0.5,1,2,125,5120,70,500,60,100,1000000,2.5,100,50,55,85,35,ground,,920,7,0,normal
751,1,1,1,2,1,0.5,1,2,1,1,0.5,0.5,1,1,1,2,0.5,0.5,40,3840,70,269,200,52,1000000,0.3,38,50,40,72,27,water,bug,4,7,0,normal
752,1,1,1,2,1,0.5,1,2,1,1,0.5,0.5,1,1,1,2,0.5,0.5,70,3840,70,454,100,92,1000000,1.8,68,50,50,132,42,water,bug,82,7,0,normal
753,2,1,1,0.5,1,1,2,2,1,0.5,0.5,2,1,2,1,1,1,0.5,55,5120,70,250,190,35,1000000,0.3,40,50,50,35,35,grass,,1.5,7,0,normal
754,2,1,1,0.5,1,1,2,2,1,0.5,0.5,2,1,2,1,1,1,0.5,105,5120,70,480,75,90,1000000,0.9,70,50,80,90,45,grass,,18.5,7,0,normal
755,1,0.5,0,0.5,1,0.5,2,2,1,0.5,0.5,2,1,4,1,1,2,0.5,35,5120,70,285,190,55,1000000,0.2,40,50,65,75,15,grass,fairy,1.5,7,0,normal
756,1,0.5,0,0.5,1,0.5,2,2,1,0.5,0.5,2,1,4,1,1,2,0.5,45,5120,70,405,75,80,1000000,1,60,50,90,100,30,grass,fairy,11.5,7,0,normal
757,0.25,1,1,1,0.25,0.5,0.5,1,1,0.25,4,0.5,1,0.5,2,2,0.5,2,44,5120,70,320,120,40,1000000,0.6,48,88.1,71,40,77,poison,fire,4.8,7,0,normal
758,0.25,1,1,1,0.25,0.5,0.5,1,1,0.25,4,0.5,1,0.5,2,2,0.5,2,64,5120,70,480,45,60,1000000,1.2,68,0,111,60,117,poison,fire,22.2,7,0,normal
759,0.5,0.5,1,1,2,2,1,2,0,1,1,1,1,1,2,0.5,1,1,75,3840,70,340,140,50,1000000,0.5,70,50,45,50,50,normal,fighting,6.8,7,0,normal
760,0.5,0.5,1,1,2,2,1,2,0,1,1,1,1,1,2,0.5,1,1,125,3840,70,500,70,80,1000000,2.1,120,50,55,60,60,normal,fighting,135,7,0,normal
761,2,1,1,0.5,1,1,2,2,1,0.5,0.5,2,1,2,1,1,1,0.5,30,5120,70,210,235,38,1059860,0.3,42,0,30,38,32,grass,,3.2,7,0,normal
762,2,1,1,0.5,1,1,2,2,1,0.5,0.5,2,1,2,1,1,1,0.5,40,5120,70,290,120,48,1059860,0.7,52,0,40,48,62,grass,,8.2,7,0,normal
763,2,1,1,0.5,1,1,2,2,1,0.5,0.5,2,1,2,1,1,1,0.5,120,5120,70,510,45,98,1059860,1.2,72,0,50,98,72,grass,,21.4,7,0,normal
764,0.5,0.5,0,1,1,0.5,1,1,1,1,1,1,1,2,1,1,2,1,52,5120,70,485,60,90,800000,0.1,51,24.6,82,110,100,fairy,,0.3,7,0,normal
765,2,2,1,1,1,1,1,1,0,1,1,1,1,1,0.5,1,1,1,60,5120,70,490,45,80,1250000,1.5,90,50,90,110,60,normal,psychic,76,7,0,normal
766,0.5,0.5,1,1,2,1,1,2,1,1,1,1,1,1,2,0.5,1,1,120,5120,70,490,45,90,1250000,2,100,50,40,60,80,fighting,,82.8,7,0,normal
767,1,1,1,2,1,0.5,1,2,1,1,0.5,0.5,1,1,1,2,0.5,0.5,35,5120,70,230,90,40,1000000,0.5,25,50,20,30,80,bug,water,12,7,0,normal
768,1,1,1,2,1,0.5,1,2,1,1,0.5,0.5,1,1,1,2,0.5,0.5,125,5120,70,530,45,140,1000000,2,75,50,60,90,40,bug,water,108,7,0,normal
769,0.5,2,1,0,1,0,1,1,2,2,1,2,0,0.25,1,0.5,1,2,55,3840,70,320,140,80,1000000,0.5,55,50,70,45,15,ghost,ground,70,7,0,normal
770,0.5,2,1,0,1,0,1,1,2,2,1,2,0,0.25,1,0.5,1,2,75,3840,70,480,60,110,1000000,1.3,85,50,100,75,35,ghost,ground,250,7,0,normal
771,1,1,1,2,1,1,0.5,1,1,2,1,0.5,1,1,1,1,0.5,0.5,60,3840,70,410,60,130,800000,0.3,55,50,30,130,5,water,,1.2,7,0,normal
772,1,1,1,1,1,2,1,1,0,1,1,1,1,1,1,1,1,1,95,30720,0,534,3,95,1250000,1.9,95,,95,95,59,normal,,120.5,7,0,normal
773,1,1,1,1,1,2,1,1,0,1,1,1,1,1,1,1,1,1,95,30720,0,570,3,95,1250000,2.3,95,,95,95,95,normal,,100.5,7,0,normal
774,0.5,1,1,2,1,1,0.5,0.5,1,1,0,2,0.5,0.5,1,2,2,2,100,6400,70,500,255,60,1059860,0.3,60,,100,60,120,rock,flying,40,7,0,normal
775,1,1,1,1,1,2,1,1,0,1,1,1,1,1,1,1,1,1,115,5120,70,480,45,65,1250000,0.4,65,50,75,95,65,normal,,19.9,7,0,normal
776,0.5,1,2,0.5,1,1,0.25,1,1,0.25,2,1,1,1,1,2,0.5,1,78,5120,70,485,70,135,1000000,2,60,50,91,85,36,fire,dragon,212,7,0,normal
777,0.5,1,0.5,0.5,0.5,2,2,0.25,1,0.5,4,0.5,0.5,0,0.5,0.5,0.25,1,98,2560,70,435,180,63,1000000,0.3,65,50,40,73,96,electric,steel,3.3,7,0,normal
778,0.25,1,0,1,1,0,1,1,2,1,1,1,0,1,1,1,2,1,90,5120,70,476,45,80,1000000,0.2,55,50,50,105,96,ghost,fairy,0.7,7,0,normal
779,2,2,1,2,1,0.5,0.5,1,2,2,1,0.5,1,1,0.5,1,0.5,0.5,105,3840,70,475,80,70,1000000,0.9,68,50,70,70,92,water,psychic,19,7,0,normal
780,1,1,2,0.5,2,2,0.5,1,0,0.5,1,2,1,1,1,1,1,0.5,60,5120,70,485,70,85,1000000,3,78,50,135,91,36,normal,dragon,185,7,0,normal
781,1,2,1,0.5,1,0,2,2,2,0.5,0.5,2,0,1,1,1,1,0.5,131,6400,70,517,25,100,1000000,3.9,70,,86,90,40,ghost,grass,210,7,0,normal
782,1,1,2,0.5,2,1,0.5,1,1,0.5,1,2,1,1,1,1,1,0.5,55,10240,70,300,45,65,1250000,0.6,45,50,45,45,45,dragon,,29.7,7,0,normal
783,0.5,0.5,2,0.5,4,1,0.5,2,1,0.5,1,2,1,1,2,0.5,1,0.5,75,10240,70,420,45,90,1250000,1.2,55,50,65,70,65,dragon,fighting,47,7,0,normal
784,0.5,0.5,2,0.5,4,1,0.5,2,1,0.5,1,2,1,1,2,0.5,1,0.5,110,10240,70,600,45,125,1250000,1.6,75,50,100,105,85,dragon,fighting,78.2,7,0,normal
144,0.5,1,1,2,1,1,2,1,1,0.5,0,1,1,1,1,4,2,1,85,20480,35,580,3,100,1250000,1.7,90,,95,125,85,ice,flying,55.4,1,1,legend
145,0.5,1,1,1,1,0.5,1,0.5,1,0.5,0,2,1,1,1,2,0.5,1,90,20480,35,580,3,85,1250000,1.6,90,,125,90,100,electric,flying,52.6,1,1,legend
146,0.25,1,1,2,0.5,0.5,0.5,1,1,0.25,0,1,1,1,1,4,0.5,2,100,20480,35,580,3,90,1250000,2,90,,125,85,90,fire,flying,60,1,1,legend
150,2,2,1,1,1,0.5,1,1,2,1,1,1,1,1,0.5,1,1,1,150,30720,0,780,3,70,1250000,2,106,,194,120,140,psychic,,122,1,1,legend
151,2,2,1,1,1,0.5,1,1,2,1,1,1,1,1,0.5,1,1,1,100,30720,100,600,45,100,1059860,0.4,100,,100,100,100,psychic,,4,1,1,legend
243,1,1,1,0.5,1,1,1,0.5,1,1,2,1,1,1,1,1,0.5,1,85,20480,35,580,3,75,1250000,1.9,90,,115,100,115,electric,,178,2,1,legend
244,0.5,1,1,1,0.5,1,0.5,1,1,0.5,2,0.5,1,1,1,2,0.5,2,115,20480,35,580,3,85,1250000,2.1,115,,90,75,100,fire,,198,2,1,legend
245,1,1,1,2,1,1,0.5,1,1,2,1,0.5,1,1,1,1,0.5,0.5,75,20480,35,580,3,115,1250000,2,100,,90,115,85,water,,187,2,1,legend
249,1,2,1,2,1,0.25,1,1,2,0.5,0,2,1,1,0.5,2,1,1,90,30720,0,680,3,130,1250000,5.2,106,,90,154,110,psychic,flying,216,2,1,legend
250,0.25,1,1,2,0.5,0.5,0.5,1,1,0.25,0,1,1,1,1,4,0.5,2,130,30720,0,680,3,90,1250000,3.8,106,,110,154,90,fire,flying,199,2,1,legend
251,4,2,1,0.5,1,0.5,2,2,2,0.5,0.5,2,1,2,0.5,1,1,0.5,100,30720,100,600,45,100,1059860,0.6,100,,100,100,100,psychic,grass,5,2,1,legend
377,1,1,1,1,1,2,0.5,0.5,1,2,2,1,0.5,0.5,1,1,2,2,100,20480,35,580,3,200,1250000,1.7,80,,50,100,50,rock,,230,3,1,legend
378,1,1,1,1,1,2,2,1,1,1,1,0.5,1,1,1,2,2,1,50,20480,35,580,3,100,1250000,1.8,80,,100,200,50,ice,,175,3,1,legend
379,0.5,1,0.5,1,0.5,2,2,0.5,1,0.5,2,0.5,0.5,0,0.5,0.5,0.5,1,75,20480,35,580,3,150,1250000,1.9,80,,75,150,50,steel,,205,3,1,legend
380,2,2,2,0.5,2,0.5,0.5,1,2,0.5,1,2,1,1,0.5,1,1,0.5,100,30720,90,700,3,120,1250000,1.4,80,0,140,150,110,dragon,psychic,40,3,1,legend
381,2,2,2,0.5,2,0.5,0.5,1,2,0.5,1,2,1,1,0.5,1,1,0.5,130,30720,90,700,3,100,1250000,2,80,100,160,120,110,dragon,psychic,60,3,1,legend
382,1,1,1,2,1,1,0.5,1,1,2,1,0.5,1,1,1,1,0.5,0.5,150,30720,0,770,3,90,1250000,4.5,100,,180,160,90,water,,352,3,1,legend
383,1,1,1,0,1,1,1,1,1,2,1,2,1,0.5,1,0.5,1,2,180,30720,0,770,3,160,1250000,3.5,100,,150,90,90,ground,,950,3,1,legend
384,0.5,1,2,1,2,0.5,0.5,1,1,0.25,0,4,1,1,1,2,1,0.5,180,30720,0,780,45,100,1250000,7,105,,180,100,115,dragon,flying,206.5,3,1,legend
385,1,2,0.5,1,0.5,1,2,0.5,2,0.5,2,0.5,0.5,0,0.25,0.5,0.5,1,100,30720,100,600,3,100,1250000,0.3,100,,100,100,100,steel,psychic,1.1,3,1,legend
386,2,2,1,1,1,0.5,1,1,2,1,1,1,1,1,0.5,1,1,1,95,30720,0,600,3,90,1250000,1.7,50,,95,90,180,psychic,,60.8,3,1,legend
480,2,2,1,1,1,0.5,1,1,2,1,1,1,1,1,0.5,1,1,1,75,20480,140,580,3,130,1250000,0.3,75,,75,130,95,psychic,,0.3,4,1,legend
481,2,2,1,1,1,0.5,1,1,2,1,1,1,1,1,0.5,1,1,1,105,20480,140,580,3,105,1250000,0.3,80,,105,105,80,psychic,,0.3,4,1,legend
482,2,2,1,1,1,0.5,1,1,2,1,1,1,1,1,0.5,1,1,1,125,20480,140,580,3,70,1250000,0.3,75,,125,70,115,psychic,,0.3,4,1,legend
483,0.5,1,1,0.5,1,2,1,0.5,1,0.25,2,1,0.5,0,0.5,0.5,0.5,0.5,120,30720,0,680,3,120,1250000,5.4,100,,150,100,90,steel,dragon,683,4,1,legend
484,1,1,2,1,2,1,0.25,1,1,1,1,1,1,1,1,1,0.5,0.25,120,30720,0,680,3,100,1250000,4.2,90,,150,120,100,water,dragon,336,4,1,legend
485,0.25,1,0.5,1,0.25,2,1,0.5,1,0.25,4,0.25,0.5,0,0.5,1,0.25,2,90,2560,100,600,3,106,1250000,1.7,91,50,130,106,77,fire,steel,430,4,1,legend
486,1,1,1,1,1,2,1,1,0,1,1,1,1,1,1,1,1,1,160,30720,0,670,3,110,1250000,3.7,110,,80,110,100,normal,,420,4,1,legend
487,0.5,2,2,0.5,2,0,0.5,1,2,0.5,1,2,0,0.5,1,1,1,0.5,120,30720,0,680,3,100,1250000,4.5,150,,120,100,90,ghost,dragon,750,4,1,legend
488,2,2,1,1,1,0.5,1,1,2,1,1,1,1,1,0.5,1,1,1,70,30720,100,600,3,120,1250000,1.5,120,0,75,130,85,psychic,,85.6,4,1,legend
490,1,1,1,2,1,1,0.5,1,1,2,1,0.5,1,1,1,1,0.5,0.5,100,2560,70,600,3,100,1250000,0.3,100,,100,100,100,water,,1.4,4,1,legend
491,2,0.5,1,1,2,2,1,1,0.5,1,1,1,1,1,0,1,1,1,90,30720,0,600,3,90,1250000,1.5,70,,135,90,125,dark,,50.5,4,1,legend
492,2,1,1,0.5,1,1,2,2,1,0.5,0.5,2,1,2,1,1,1,0.5,103,30720,100,600,45,75,1059860,0.2,100,,120,75,127,grass,grass,2.1,4,1,legend
493,1,1,1,1,1,2,1,1,0,1,1,1,1,1,1,1,1,1,120,30720,0,720,3,120,1250000,3.2,120,,120,120,120,normal,,320,4,1,legend
494,1,2,1,1,0.5,0.5,0.5,1,2,0.5,2,0.5,1,1,0.5,2,0.5,2,100,30720,100,600,3,100,1250000,0.4,100,,100,100,100,psychic,fire,4,5,1,legend
638,0.25,0.5,0.5,1,1,2,2,1,1,0.5,2,0.5,0.5,0,1,0.25,0.5,1,90,20480,35,580,3,129,1250000,2.1,91,,90,72,108,steel,fighting,250,5,1,legend
639,0.5,0.5,1,1,2,2,0.5,1,1,2,2,1,0.5,0.5,2,0.5,2,2,129,20480,35,580,3,90,1250000,1.9,91,,72,90,108,rock,fighting,260,5,1,legend
640,1,0.5,1,0.5,2,1,2,4,1,0.5,0.5,2,1,2,2,0.5,1,0.5,90,20480,35,580,3,72,1250000,2,91,,90,129,108,grass,fighting,200,5,1,legend
641,0.5,1,1,2,1,0.5,1,1,1,0.5,0,2,1,1,1,2,1,1,100,30720,90,580,3,80,1250000,1.5,79,100,110,90,121,flying,,63,5,1,legend
642,0.5,1,1,1,1,0.5,1,0.5,1,0.5,0,2,1,1,1,2,0.5,1,105,30720,90,580,3,70,1250000,1.5,79,100,145,80,101,electric,flying,61,5,1,legend
643,0.5,1,2,0.5,1,1,0.25,1,1,0.25,2,1,1,1,1,2,0.5,1,120,30720,0,680,3,100,1250000,3.2,100,,150,120,90,dragon,fire,330,5,1,legend
644,1,1,2,0.25,2,1,0.5,0.5,1,0.5,2,2,1,1,1,1,0.5,0.5,150,30720,0,680,3,120,1250000,2.9,100,,120,100,90,dragon,electric,345,5,1,legend
645,0.5,1,1,0,1,0.5,1,1,1,1,0,4,1,0.5,1,1,1,2,145,30720,90,600,3,90,1250000,1.5,89,100,105,80,91,ground,flying,68,5,1,legend
646,1,1,2,0.5,2,2,1,1,1,0.5,1,1,1,1,1,2,2,0.5,120,30720,0,700,3,90,1250000,3,125,,170,100,95,dragon,ice,325,5,1,legend
647,0.5,0.5,1,2,2,1,0.5,2,1,2,1,0.5,1,1,2,0.5,0.5,0.5,72,20480,35,580,3,90,1250000,1.4,91,,129,90,108,water,fighting,48.5,5,1,legend
648,2,2,1,1,1,1,1,1,0,1,1,1,1,1,0.5,1,1,1,128,30720,100,600,3,90,1250000,0.6,100,,77,77,128,normal,psychic,6.5,5,1,legend
649,0.5,1,0.5,1,0.5,1,4,1,1,0.25,1,0.5,0.5,0,0.5,1,0.5,1,120,30720,0,600,3,95,1250000,1.5,71,,120,95,99,bug,steel,82.5,5,1,legend
716,0.5,0.5,0,1,1,0.5,1,1,1,1,1,1,1,2,1,1,2,1,131,30720,0,680,45,95,1250000,3,126,,131,98,99,fairy,,215,6,1,legend
717,1,0.5,1,2,2,1,1,1,0.5,0.5,0,2,1,1,0,2,1,1,131,30720,0,680,45,95,1250000,5.8,126,,131,98,99,dark,flying,203,6,1,legend
718,1,1,2,0,2,1,0.5,1,1,1,1,4,1,0.5,1,0.5,1,1,100,30720,0,708,3,121,1250000,5,216,,91,95,85,dragon,ground,284.6,6,1,legend
719,0.5,0.5,0,1,1,1,0.5,0.5,1,2,2,1,0.5,1,1,1,4,2,160,6400,70,700,3,110,1250000,0.7,50,,160,110,110,rock,fairy,8.8,6,1,legend
720,1,4,1,1,1,0,1,1,4,1,1,1,0,0.5,0.5,1,1,1,160,30720,100,680,3,60,1250000,,80,,170,130,80,psychic,ghost,,6,1,legend
721,0.5,1,1,2,0.5,1,0.25,1,1,1,2,0.25,1,1,1,2,0.25,1,110,30720,100,600,3,120,1250000,1.7,80,,130,90,70,fire,water,195,6,1,legend
785,0.5,0.5,0,0.5,1,0.5,1,0.5,1,1,2,1,1,2,1,1,1,1,115,3840,70,570,3,85,1250000,1.8,70,,95,75,130,electric,fairy,20.5,7,1,legend
786,1,1,0,1,1,0.25,1,1,2,1,1,1,1,2,0.5,1,2,1,85,3840,70,570,3,75,1250000,1.2,70,,130,115,95,psychic,fairy,18.6,7,1,legend
787,1,0.5,0,0.5,1,0.5,2,2,1,0.5,0.5,2,1,4,1,1,2,0.5,130,3840,70,570,3,115,1250000,1.9,70,,85,95,75,grass,fairy,45.5,7,1,legend
788,0.5,0.5,0,2,1,0.5,0.5,1,1,2,1,0.5,1,2,1,1,1,0.5,75,3840,70,570,3,115,1250000,1.3,70,,95,130,85,water,fairy,21.2,7,1,legend
789,2,2,1,1,1,0.5,1,1,2,1,1,1,1,1,0.5,1,1,1,29,30720,0,200,45,31,1250000,0.2,43,,29,31,37,psychic,,0.1,7,1,legend
790,2,2,1,1,1,0.5,1,1,2,1,1,1,1,1,0.5,1,1,1,29,30720,0,400,45,131,1250000,0.1,43,,29,131,37,psychic,,999.9,7,1,legend
791,1,2,0.5,1,0.5,1,2,0.5,2,0.5,2,0.5,0.5,0,0.25,0.5,0.5,1,137,30720,0,680,45,107,1250000,3.4,137,,113,89,97,psychic,steel,230,7,1,legend
792,1,4,1,1,1,0,1,1,4,1,1,1,0,0.5,0.5,1,1,1,113,30720,0,680,45,89,1250000,4,137,,137,107,97,psychic,ghost,120,7,1,legend
793,0.5,1,1,1,0.5,1,0.5,0.5,1,1,4,1,0.5,0.25,2,1,2,2,53,30720,0,570,45,47,1250000,1.2,109,,127,131,103,rock,poison,55.5,7,1,legend
794,0.5,0.5,1,1,2,0.5,2,4,1,0.5,0.5,1,1,1,2,1,1,1,139,30720,0,570,25,139,1250000,2.4,107,,53,53,79,bug,fighting,333.6,7,1,legend
795,0.5,0.5,1,1,2,0.5,2,4,1,0.5,0.5,1,1,1,2,1,1,1,137,30720,0,570,255,37,1250000,1.8,71,,137,37,151,bug,fighting,25,7,1,legend
796,1,1,1,0.5,1,1,1,0.5,1,1,2,1,1,1,1,1,0.5,1,89,30720,0,570,30,71,1250000,3.8,83,,173,71,83,electric,,100,7,1,legend
797,0.25,1,0.5,2,0.5,1,2,0.5,1,0.25,0,1,0.5,0,0.5,1,0.5,1,101,30720,0,570,25,103,1250000,9.2,97,,107,101,61,steel,flying,999.9,7,1,legend
798,1,1,0.5,0.5,0.5,2,4,1,1,0.25,1,1,0.5,0,0.5,0.5,0.5,0.5,181,30720,0,570,255,131,1250000,0.3,59,,59,31,109,grass,steel,0.1,7,1,legend
799,2,0.5,2,0.5,4,2,0.5,1,0.5,0.5,1,2,1,1,0,1,1,0.5,101,30720,0,570,15,53,1250000,5.5,223,,97,53,43,dark,dragon,888,7,1,legend
800,2,2,1,1,1,0.5,1,1,2,1,1,1,1,1,0.5,1,1,1,107,30720,0,600,3,101,1250000,2.4,97,,127,89,79,psychic,,230,7,1,legend
801,0.25,0.5,0,1,0.5,1,2,0.5,1,0.5,2,0.5,0.5,0,0.5,0.5,1,1,95,30720,0,600,3,115,1250000,1,80,,130,115,65,steel,fairy,80.5,7,1,legend
